-- V9: Comprehensive 2025-2026 academic year data
-- 22 classes (grades 1-11 A/B), 18 new teachers, 14 new classrooms,
-- 11 new subjects, class_subjects weekly hours, published timetable.

-- ── Classroom types ──────────────────────────────────────────────────────────
INSERT INTO classroom_types (id, school_id, code, name) VALUES
  ('bb000000-0000-0000-0000-000000000002','aaaaaaaa-0000-0000-0000-000000000001','COMPUTER_LAB','Kompyuter xonasi'),
  ('bb000000-0000-0000-0000-000000000003','aaaaaaaa-0000-0000-0000-000000000001','SCIENCE_LAB','Kimyo/Fizika laboratoriyasi'),
  ('bb000000-0000-0000-0000-000000000004','aaaaaaaa-0000-0000-0000-000000000001','GYM','Sport zali'),
  ('bb000000-0000-0000-0000-000000000005','aaaaaaaa-0000-0000-0000-000000000001','ART_ROOM','Tasviriy san''at xonasi'),
  ('bb000000-0000-0000-0000-000000000006','aaaaaaaa-0000-0000-0000-000000000001','MUSIC_ROOM','Musiqa xonasi'),
  ('bb000000-0000-0000-0000-000000000007','aaaaaaaa-0000-0000-0000-000000000001','LIBRARY','Kutubxona')
ON CONFLICT DO NOTHING;

-- ── Academic year 2025-2026 ──────────────────────────────────────────────────
INSERT INTO academic_years (id, school_id, name, start_date, end_date, is_current) VALUES
  ('cc000000-0000-0000-0000-000000000002','aaaaaaaa-0000-0000-0000-000000000001','2025-2026','2025-09-01','2026-05-30',false)
ON CONFLICT DO NOTHING;

-- ── Semesters 2025-2026 ──────────────────────────────────────────────────────
INSERT INTO semesters (id, academic_year_id, school_id, name, semester_number, start_date, end_date, is_current) VALUES
  ('dd000000-0000-0000-0000-000000000003','cc000000-0000-0000-0000-000000000002','aaaaaaaa-0000-0000-0000-000000000001','1-semestr',1,'2025-09-01','2025-12-31',false),
  ('dd000000-0000-0000-0000-000000000004','cc000000-0000-0000-0000-000000000002','aaaaaaaa-0000-0000-0000-000000000001','2-semestr',2,'2026-01-12','2026-05-30',false)
ON CONFLICT DO NOTHING;

-- ── Classrooms ───────────────────────────────────────────────────────────────
INSERT INTO classrooms (id, school_id, classroom_type_id, name, capacity, floor, building, status) VALUES
  ('c1000000-0000-0000-0000-000000000001','aaaaaaaa-0000-0000-0000-000000000001','bbbbbbbb-0000-0000-0000-000000000001','104-xona',32,1,'Asosiy bino','ACTIVE'),
  ('c1000000-0000-0000-0000-000000000002','aaaaaaaa-0000-0000-0000-000000000001','bbbbbbbb-0000-0000-0000-000000000001','105-xona',30,1,'Asosiy bino','ACTIVE'),
  ('c1000000-0000-0000-0000-000000000003','aaaaaaaa-0000-0000-0000-000000000001','bbbbbbbb-0000-0000-0000-000000000001','204-xona',32,2,'Asosiy bino','ACTIVE'),
  ('c1000000-0000-0000-0000-000000000004','aaaaaaaa-0000-0000-0000-000000000001','bbbbbbbb-0000-0000-0000-000000000001','205-xona',30,2,'Asosiy bino','ACTIVE'),
  ('c1000000-0000-0000-0000-000000000005','aaaaaaaa-0000-0000-0000-000000000001','bbbbbbbb-0000-0000-0000-000000000001','301-xona',35,3,'Asosiy bino','ACTIVE'),
  ('c1000000-0000-0000-0000-000000000006','aaaaaaaa-0000-0000-0000-000000000001','bbbbbbbb-0000-0000-0000-000000000001','302-xona',32,3,'Asosiy bino','ACTIVE'),
  ('c1000000-0000-0000-0000-000000000007','aaaaaaaa-0000-0000-0000-000000000001','bbbbbbbb-0000-0000-0000-000000000001','303-xona',30,3,'Asosiy bino','ACTIVE'),
  ('c1000000-0000-0000-0000-000000000008','aaaaaaaa-0000-0000-0000-000000000001','bb000000-0000-0000-0000-000000000002','IT xonasi 1',30,2,'Yangi bino','ACTIVE'),
  ('c1000000-0000-0000-0000-000000000009','aaaaaaaa-0000-0000-0000-000000000001','bb000000-0000-0000-0000-000000000002','IT xonasi 2',30,2,'Yangi bino','ACTIVE'),
  ('c1000000-0000-0000-0000-000000000010','aaaaaaaa-0000-0000-0000-000000000001','bb000000-0000-0000-0000-000000000003','Kimyo laboratoriyasi',28,1,'Yangi bino','ACTIVE'),
  ('c1000000-0000-0000-0000-000000000011','aaaaaaaa-0000-0000-0000-000000000001','bb000000-0000-0000-0000-000000000003','Fizika laboratoriyasi',28,1,'Yangi bino','ACTIVE'),
  ('c1000000-0000-0000-0000-000000000012','aaaaaaaa-0000-0000-0000-000000000001','bb000000-0000-0000-0000-000000000004','Sport zali',80,1,'Sport bino','ACTIVE'),
  ('c1000000-0000-0000-0000-000000000013','aaaaaaaa-0000-0000-0000-000000000001','bb000000-0000-0000-0000-000000000005','Rassom xonasi',28,2,'Yangi bino','ACTIVE'),
  ('c1000000-0000-0000-0000-000000000014','aaaaaaaa-0000-0000-0000-000000000001','bb000000-0000-0000-0000-000000000006','Musiqa xonasi',35,3,'Yangi bino','ACTIVE')
ON CONFLICT DO NOTHING;

-- ── Subjects ─────────────────────────────────────────────────────────────────
INSERT INTO subjects (id, school_id, name, code, color, is_core) VALUES
  ('s0000000-0000-0000-0000-000000000001','aaaaaaaa-0000-0000-0000-000000000001','Rus tili','RUS','#64748b',true),
  ('s0000000-0000-0000-0000-000000000002','aaaaaaaa-0000-0000-0000-000000000001','Geografiya','GEO','#0ea5e9',true),
  ('s0000000-0000-0000-0000-000000000003','aaaaaaaa-0000-0000-0000-000000000001','Algebra','ALG','#7c3aed',true),
  ('s0000000-0000-0000-0000-000000000004','aaaaaaaa-0000-0000-0000-000000000001','Geometriya','GEOM','#4f46e5',true),
  ('s0000000-0000-0000-0000-000000000005','aaaaaaaa-0000-0000-0000-000000000001','Ona tili','ONA','#2563eb',true),
  ('s0000000-0000-0000-0000-000000000006','aaaaaaaa-0000-0000-0000-000000000001','Adabiyot','ADBYT','#db2777',true),
  ('s0000000-0000-0000-0000-000000000007','aaaaaaaa-0000-0000-0000-000000000001','Texnologiya','TECH','#d97706',false),
  ('s0000000-0000-0000-0000-000000000008','aaaaaaaa-0000-0000-0000-000000000001','Tasviriy san''at','ART','#059669',false),
  ('s0000000-0000-0000-0000-000000000009','aaaaaaaa-0000-0000-0000-000000000001','Dunyoqarash','WORLD','#0891b2',true),
  ('s0000000-0000-0000-0000-000000000010','aaaaaaaa-0000-0000-0000-000000000001','Milliy istiqlol','MII','#65a30d',true),
  ('s0000000-0000-0000-0000-000000000011','aaaaaaaa-0000-0000-0000-000000000001','Iqtisodiyot asoslari','IQTIS','#f97316',false)
ON CONFLICT DO NOTHING;

-- ── Teachers ─────────────────────────────────────────────────────────────────
INSERT INTO teachers (id, school_id, full_name, short_name, phone, email, employment_type, min_weekly_load, max_weekly_load, is_active) VALUES
  ('t0000000-0000-0000-0000-000000000001','aaaaaaaa-0000-0000-0000-000000000001','Qodirov Mansur Xudoyberdiyevich','M. Qodirov','+998901230001','qodirov@maktab.uz','FULL_TIME',0,24,true),
  ('t0000000-0000-0000-0000-000000000002','aaaaaaaa-0000-0000-0000-000000000001','Ibragimova Sabohat Rahimjonovna','S. Ibragimova','+998901230002','ibragimova@maktab.uz','FULL_TIME',0,24,true),
  ('t0000000-0000-0000-0000-000000000003','aaaaaaaa-0000-0000-0000-000000000001','Ergashev Dilshod Hamzayevich','D. Ergashev','+998901230003','ergashev@maktab.uz','FULL_TIME',0,24,true),
  ('t0000000-0000-0000-0000-000000000004','aaaaaaaa-0000-0000-0000-000000000001','Nazarova Hulkar Muxtorovona','H. Nazarova','+998901230004','nazarova@maktab.uz','FULL_TIME',0,24,true),
  ('t0000000-0000-0000-0000-000000000005','aaaaaaaa-0000-0000-0000-000000000001','Tursunov Bahodir Salimovich','B. Tursunov','+998901230005','tursunov@maktab.uz','FULL_TIME',0,24,true),
  ('t0000000-0000-0000-0000-000000000006','aaaaaaaa-0000-0000-0000-000000000001','Xoliqova Feruza Abdullayevna','F. Xoliqova','+998901230006','xoliqova@maktab.uz','FULL_TIME',0,24,true),
  ('t0000000-0000-0000-0000-000000000007','aaaaaaaa-0000-0000-0000-000000000001','Askarov Ulugbek Normatovich','U. Askarov','+998901230007','askarov@maktab.uz','FULL_TIME',0,24,true),
  ('t0000000-0000-0000-0000-000000000008','aaaaaaaa-0000-0000-0000-000000000001','Mirzayeva Nargiza Pulatovna','N. Mirzayeva','+998901230008','mirzayeva@maktab.uz','FULL_TIME',0,24,true),
  ('t0000000-0000-0000-0000-000000000009','aaaaaaaa-0000-0000-0000-000000000001','Razzaqov Javlon Bekmurodovich','J. Razzaqov','+998901230009','razzaqov@maktab.uz','FULL_TIME',0,24,true),
  ('t0000000-0000-0000-0000-000000000010','aaaaaaaa-0000-0000-0000-000000000001','Sotvoldiyeva Maftuna Xurshidovna','M. Sotvoldiyeva','+998901230010','sotvoldiyeva@maktab.uz','FULL_TIME',0,24,true),
  ('t0000000-0000-0000-0000-000000000011','aaaaaaaa-0000-0000-0000-000000000001','Holmatov Ibrohim Yusupovich','I. Holmatov','+998901230011','holmatov@maktab.uz','FULL_TIME',0,24,true),
  ('t0000000-0000-0000-0000-000000000012','aaaaaaaa-0000-0000-0000-000000000001','Abdullayeva Muazzam Toxirovna','M. Abdullayeva','+998901230012','abdullayeva@maktab.uz','FULL_TIME',0,20,true),
  ('t0000000-0000-0000-0000-000000000013','aaaaaaaa-0000-0000-0000-000000000001','Usmonov Shuhrat Qodiraliyevich','Sh. Usmonov','+998901230013','usmonov@maktab.uz','FULL_TIME',0,24,true),
  ('t0000000-0000-0000-0000-000000000014','aaaaaaaa-0000-0000-0000-000000000001','Yoldosheva Dilrabo Baxtiyorovna','D. Yoldosheva','+998901230014','yoldosheva@maktab.uz','FULL_TIME',0,24,true),
  ('t0000000-0000-0000-0000-000000000015','aaaaaaaa-0000-0000-0000-000000000001','Bekmurodov Sanjar Mamatisaqovich','S. Bekmurodov','+998901230015','bekmurodov@maktab.uz','FULL_TIME',0,24,true),
  ('t0000000-0000-0000-0000-000000000016','aaaaaaaa-0000-0000-0000-000000000001','Norqoziyeva Sitora Axmedovna','S. Norqoziyeva','+998901230016','norqoziyeva@maktab.uz','FULL_TIME',0,20,true),
  ('t0000000-0000-0000-0000-000000000017','aaaaaaaa-0000-0000-0000-000000000001','Maxmudov Bobur Xasanovich','B. Maxmudov','+998901230017','maxmudov@maktab.uz','PART_TIME',0,12,true),
  ('t0000000-0000-0000-0000-000000000018','aaaaaaaa-0000-0000-0000-000000000001','Qosimova Zulfiya Erkinovna','Z. Qosimova','+998901230018','qosimova@maktab.uz','PART_TIME',0,12,true)
ON CONFLICT DO NOTHING;

-- ── Teacher → Subject assignments ────────────────────────────────────────────
INSERT INTO teacher_subjects (id, teacher_id, subject_id, is_primary) VALUES
  (uuid_generate_v4(),'t0000000-0000-0000-0000-000000000001','s0000000-0000-0000-0000-000000000003',true),
  (uuid_generate_v4(),'t0000000-0000-0000-0000-000000000001','s0000000-0000-0000-0000-000000000004',false),
  (uuid_generate_v4(),'t0000000-0000-0000-0000-000000000002','s0000000-0000-0000-0000-000000000005',true),
  (uuid_generate_v4(),'t0000000-0000-0000-0000-000000000002','s0000000-0000-0000-0000-000000000006',false),
  (uuid_generate_v4(),'t0000000-0000-0000-0000-000000000003','s0000000-0000-0000-0000-000000000001',true),
  (uuid_generate_v4(),'t0000000-0000-0000-0000-000000000004','s0000000-0000-0000-0000-000000000002',true),
  (uuid_generate_v4(),'t0000000-0000-0000-0000-000000000005','s0000000-0000-0000-0000-000000000007',true),
  (uuid_generate_v4(),'t0000000-0000-0000-0000-000000000006','s0000000-0000-0000-0000-000000000008',true),
  (uuid_generate_v4(),'t0000000-0000-0000-0000-000000000007','s0000000-0000-0000-0000-000000000009',true),
  (uuid_generate_v4(),'t0000000-0000-0000-0000-000000000007','s0000000-0000-0000-0000-000000000010',false),
  (uuid_generate_v4(),'t0000000-0000-0000-0000-000000000008','s0000000-0000-0000-0000-000000000011',true),
  (uuid_generate_v4(),'t0000000-0000-0000-0000-000000000009',(SELECT id FROM subjects WHERE school_id='aaaaaaaa-0000-0000-0000-000000000001' AND code='MATH'),true),
  (uuid_generate_v4(),'t0000000-0000-0000-0000-000000000010',(SELECT id FROM subjects WHERE school_id='aaaaaaaa-0000-0000-0000-000000000001' AND code='UZB'),true),
  (uuid_generate_v4(),'t0000000-0000-0000-0000-000000000011',(SELECT id FROM subjects WHERE school_id='aaaaaaaa-0000-0000-0000-000000000001' AND code='ENG'),true),
  (uuid_generate_v4(),'t0000000-0000-0000-0000-000000000012',(SELECT id FROM subjects WHERE school_id='aaaaaaaa-0000-0000-0000-000000000001' AND code='PHYS'),true),
  (uuid_generate_v4(),'t0000000-0000-0000-0000-000000000013',(SELECT id FROM subjects WHERE school_id='aaaaaaaa-0000-0000-0000-000000000001' AND code='CHEM'),true),
  (uuid_generate_v4(),'t0000000-0000-0000-0000-000000000014',(SELECT id FROM subjects WHERE school_id='aaaaaaaa-0000-0000-0000-000000000001' AND code='BIO'),true),
  (uuid_generate_v4(),'t0000000-0000-0000-0000-000000000015',(SELECT id FROM subjects WHERE school_id='aaaaaaaa-0000-0000-0000-000000000001' AND code='HIST'),true),
  (uuid_generate_v4(),'t0000000-0000-0000-0000-000000000016',(SELECT id FROM subjects WHERE school_id='aaaaaaaa-0000-0000-0000-000000000001' AND code='INFO'),true),
  (uuid_generate_v4(),'t0000000-0000-0000-0000-000000000017',(SELECT id FROM subjects WHERE school_id='aaaaaaaa-0000-0000-0000-000000000001' AND code='PE'),true),
  (uuid_generate_v4(),'t0000000-0000-0000-0000-000000000018',(SELECT id FROM subjects WHERE school_id='aaaaaaaa-0000-0000-0000-000000000001' AND code='MUS'),true)
ON CONFLICT DO NOTHING;

-- ── Student classes 2025-2026 — grades 1-11, sections A and B ────────────────
INSERT INTO student_classes (id, school_id, academic_year_id, name, grade_level, section, student_count, shift, is_active) VALUES
  ('sc000001-0000-0000-0000-000000000001','aaaaaaaa-0000-0000-0000-000000000001','cc000000-0000-0000-0000-000000000002','1A', 1,'A',28,'FIRST', true),
  ('sc000001-0000-0000-0000-000000000002','aaaaaaaa-0000-0000-0000-000000000001','cc000000-0000-0000-0000-000000000002','1B', 1,'B',27,'SECOND',true),
  ('sc000002-0000-0000-0000-000000000001','aaaaaaaa-0000-0000-0000-000000000001','cc000000-0000-0000-0000-000000000002','2A', 2,'A',30,'FIRST', true),
  ('sc000002-0000-0000-0000-000000000002','aaaaaaaa-0000-0000-0000-000000000001','cc000000-0000-0000-0000-000000000002','2B', 2,'B',29,'SECOND',true),
  ('sc000003-0000-0000-0000-000000000001','aaaaaaaa-0000-0000-0000-000000000001','cc000000-0000-0000-0000-000000000002','3A', 3,'A',31,'FIRST', true),
  ('sc000003-0000-0000-0000-000000000002','aaaaaaaa-0000-0000-0000-000000000001','cc000000-0000-0000-0000-000000000002','3B', 3,'B',30,'SECOND',true),
  ('sc000004-0000-0000-0000-000000000001','aaaaaaaa-0000-0000-0000-000000000001','cc000000-0000-0000-0000-000000000002','4A', 4,'A',32,'FIRST', true),
  ('sc000004-0000-0000-0000-000000000002','aaaaaaaa-0000-0000-0000-000000000001','cc000000-0000-0000-0000-000000000002','4B', 4,'B',30,'SECOND',true),
  ('sc000005-0000-0000-0000-000000000001','aaaaaaaa-0000-0000-0000-000000000001','cc000000-0000-0000-0000-000000000002','5A', 5,'A',28,'FIRST', true),
  ('sc000005-0000-0000-0000-000000000002','aaaaaaaa-0000-0000-0000-000000000001','cc000000-0000-0000-0000-000000000002','5B', 5,'B',29,'SECOND',true),
  ('sc000006-0000-0000-0000-000000000001','aaaaaaaa-0000-0000-0000-000000000001','cc000000-0000-0000-0000-000000000002','6A', 6,'A',30,'FIRST', true),
  ('sc000006-0000-0000-0000-000000000002','aaaaaaaa-0000-0000-0000-000000000001','cc000000-0000-0000-0000-000000000002','6B', 6,'B',28,'SECOND',true),
  ('sc000007-0000-0000-0000-000000000001','aaaaaaaa-0000-0000-0000-000000000001','cc000000-0000-0000-0000-000000000002','7A', 7,'A',31,'FIRST', true),
  ('sc000007-0000-0000-0000-000000000002','aaaaaaaa-0000-0000-0000-000000000001','cc000000-0000-0000-0000-000000000002','7B', 7,'B',30,'SECOND',true),
  ('sc000008-0000-0000-0000-000000000001','aaaaaaaa-0000-0000-0000-000000000001','cc000000-0000-0000-0000-000000000002','8A', 8,'A',32,'FIRST', true),
  ('sc000008-0000-0000-0000-000000000002','aaaaaaaa-0000-0000-0000-000000000001','cc000000-0000-0000-0000-000000000002','8B', 8,'B',30,'SECOND',true),
  ('sc000009-0000-0000-0000-000000000001','aaaaaaaa-0000-0000-0000-000000000001','cc000000-0000-0000-0000-000000000002','9A', 9,'A',33,'FIRST', true),
  ('sc000009-0000-0000-0000-000000000002','aaaaaaaa-0000-0000-0000-000000000001','cc000000-0000-0000-0000-000000000002','9B', 9,'B',31,'SECOND',true),
  ('sc000010-0000-0000-0000-000000000001','aaaaaaaa-0000-0000-0000-000000000001','cc000000-0000-0000-0000-000000000002','10A',10,'A',30,'FIRST', true),
  ('sc000010-0000-0000-0000-000000000002','aaaaaaaa-0000-0000-0000-000000000001','cc000000-0000-0000-0000-000000000002','10B',10,'B',28,'SECOND',true),
  ('sc000011-0000-0000-0000-000000000001','aaaaaaaa-0000-0000-0000-000000000001','cc000000-0000-0000-0000-000000000002','11A',11,'A',27,'FIRST', true),
  ('sc000011-0000-0000-0000-000000000002','aaaaaaaa-0000-0000-0000-000000000001','cc000000-0000-0000-0000-000000000002','11B',11,'B',25,'SECOND',true)
ON CONFLICT DO NOTHING;

-- ── class_subjects — primary grades 1-4 (5 subjects × 8 classes) ─────────────
-- Matematika 5h, O'zbek tili 5h, Ingliz tili 2h, Ona tili 3h, Adabiyot 2h,
-- Rus tili 2h, JT 3h, Musiqa 2h, Tasviriy san'at 2h, Texnologiya 2h, Dunyoqarash 1h
INSERT INTO class_subjects (class_id, subject_id, weekly_hours) VALUES
  -- 1A
  ('sc000001-0000-0000-0000-000000000001',(SELECT id FROM subjects WHERE school_id='aaaaaaaa-0000-0000-0000-000000000001' AND code='MATH'),5),
  ('sc000001-0000-0000-0000-000000000001',(SELECT id FROM subjects WHERE school_id='aaaaaaaa-0000-0000-0000-000000000001' AND code='UZB'),5),
  ('sc000001-0000-0000-0000-000000000001',(SELECT id FROM subjects WHERE school_id='aaaaaaaa-0000-0000-0000-000000000001' AND code='ENG'),2),
  ('sc000001-0000-0000-0000-000000000001','s0000000-0000-0000-0000-000000000005',3),
  ('sc000001-0000-0000-0000-000000000001','s0000000-0000-0000-0000-000000000006',2),
  ('sc000001-0000-0000-0000-000000000001','s0000000-0000-0000-0000-000000000001',2),
  ('sc000001-0000-0000-0000-000000000001',(SELECT id FROM subjects WHERE school_id='aaaaaaaa-0000-0000-0000-000000000001' AND code='PE'),3),
  ('sc000001-0000-0000-0000-000000000001',(SELECT id FROM subjects WHERE school_id='aaaaaaaa-0000-0000-0000-000000000001' AND code='MUS'),2),
  ('sc000001-0000-0000-0000-000000000001','s0000000-0000-0000-0000-000000000008',2),
  ('sc000001-0000-0000-0000-000000000001','s0000000-0000-0000-0000-000000000007',2),
  ('sc000001-0000-0000-0000-000000000001','s0000000-0000-0000-0000-000000000009',1),
  -- 1B
  ('sc000001-0000-0000-0000-000000000002',(SELECT id FROM subjects WHERE school_id='aaaaaaaa-0000-0000-0000-000000000001' AND code='MATH'),5),
  ('sc000001-0000-0000-0000-000000000002',(SELECT id FROM subjects WHERE school_id='aaaaaaaa-0000-0000-0000-000000000001' AND code='UZB'),5),
  ('sc000001-0000-0000-0000-000000000002',(SELECT id FROM subjects WHERE school_id='aaaaaaaa-0000-0000-0000-000000000001' AND code='ENG'),2),
  ('sc000001-0000-0000-0000-000000000002','s0000000-0000-0000-0000-000000000005',3),
  ('sc000001-0000-0000-0000-000000000002','s0000000-0000-0000-0000-000000000006',2),
  ('sc000001-0000-0000-0000-000000000002','s0000000-0000-0000-0000-000000000001',2),
  ('sc000001-0000-0000-0000-000000000002',(SELECT id FROM subjects WHERE school_id='aaaaaaaa-0000-0000-0000-000000000001' AND code='PE'),3),
  ('sc000001-0000-0000-0000-000000000002',(SELECT id FROM subjects WHERE school_id='aaaaaaaa-0000-0000-0000-000000000001' AND code='MUS'),2),
  ('sc000001-0000-0000-0000-000000000002','s0000000-0000-0000-0000-000000000008',2),
  ('sc000001-0000-0000-0000-000000000002','s0000000-0000-0000-0000-000000000007',2),
  ('sc000001-0000-0000-0000-000000000002','s0000000-0000-0000-0000-000000000009',1),
  -- 2A
  ('sc000002-0000-0000-0000-000000000001',(SELECT id FROM subjects WHERE school_id='aaaaaaaa-0000-0000-0000-000000000001' AND code='MATH'),5),
  ('sc000002-0000-0000-0000-000000000001',(SELECT id FROM subjects WHERE school_id='aaaaaaaa-0000-0000-0000-000000000001' AND code='UZB'),5),
  ('sc000002-0000-0000-0000-000000000001',(SELECT id FROM subjects WHERE school_id='aaaaaaaa-0000-0000-0000-000000000001' AND code='ENG'),2),
  ('sc000002-0000-0000-0000-000000000001','s0000000-0000-0000-0000-000000000005',3),
  ('sc000002-0000-0000-0000-000000000001','s0000000-0000-0000-0000-000000000006',2),
  ('sc000002-0000-0000-0000-000000000001','s0000000-0000-0000-0000-000000000001',2),
  ('sc000002-0000-0000-0000-000000000001',(SELECT id FROM subjects WHERE school_id='aaaaaaaa-0000-0000-0000-000000000001' AND code='PE'),3),
  ('sc000002-0000-0000-0000-000000000001',(SELECT id FROM subjects WHERE school_id='aaaaaaaa-0000-0000-0000-000000000001' AND code='MUS'),2),
  ('sc000002-0000-0000-0000-000000000001','s0000000-0000-0000-0000-000000000008',2),
  ('sc000002-0000-0000-0000-000000000001','s0000000-0000-0000-0000-000000000007',2),
  ('sc000002-0000-0000-0000-000000000001','s0000000-0000-0000-0000-000000000009',1),
  -- 2B
  ('sc000002-0000-0000-0000-000000000002',(SELECT id FROM subjects WHERE school_id='aaaaaaaa-0000-0000-0000-000000000001' AND code='MATH'),5),
  ('sc000002-0000-0000-0000-000000000002',(SELECT id FROM subjects WHERE school_id='aaaaaaaa-0000-0000-0000-000000000001' AND code='UZB'),5),
  ('sc000002-0000-0000-0000-000000000002',(SELECT id FROM subjects WHERE school_id='aaaaaaaa-0000-0000-0000-000000000001' AND code='ENG'),2),
  ('sc000002-0000-0000-0000-000000000002','s0000000-0000-0000-0000-000000000005',3),
  ('sc000002-0000-0000-0000-000000000002','s0000000-0000-0000-0000-000000000006',2),
  ('sc000002-0000-0000-0000-000000000002','s0000000-0000-0000-0000-000000000001',2),
  ('sc000002-0000-0000-0000-000000000002',(SELECT id FROM subjects WHERE school_id='aaaaaaaa-0000-0000-0000-000000000001' AND code='PE'),3),
  ('sc000002-0000-0000-0000-000000000002',(SELECT id FROM subjects WHERE school_id='aaaaaaaa-0000-0000-0000-000000000001' AND code='MUS'),2),
  ('sc000002-0000-0000-0000-000000000002','s0000000-0000-0000-0000-000000000008',2),
  ('sc000002-0000-0000-0000-000000000002','s0000000-0000-0000-0000-000000000007',2),
  ('sc000002-0000-0000-0000-000000000002','s0000000-0000-0000-0000-000000000009',1),
  -- 3A
  ('sc000003-0000-0000-0000-000000000001',(SELECT id FROM subjects WHERE school_id='aaaaaaaa-0000-0000-0000-000000000001' AND code='MATH'),5),
  ('sc000003-0000-0000-0000-000000000001',(SELECT id FROM subjects WHERE school_id='aaaaaaaa-0000-0000-0000-000000000001' AND code='UZB'),5),
  ('sc000003-0000-0000-0000-000000000001',(SELECT id FROM subjects WHERE school_id='aaaaaaaa-0000-0000-0000-000000000001' AND code='ENG'),2),
  ('sc000003-0000-0000-0000-000000000001','s0000000-0000-0000-0000-000000000005',3),
  ('sc000003-0000-0000-0000-000000000001','s0000000-0000-0000-0000-000000000006',2),
  ('sc000003-0000-0000-0000-000000000001','s0000000-0000-0000-0000-000000000001',2),
  ('sc000003-0000-0000-0000-000000000001',(SELECT id FROM subjects WHERE school_id='aaaaaaaa-0000-0000-0000-000000000001' AND code='PE'),3),
  ('sc000003-0000-0000-0000-000000000001',(SELECT id FROM subjects WHERE school_id='aaaaaaaa-0000-0000-0000-000000000001' AND code='MUS'),2),
  ('sc000003-0000-0000-0000-000000000001','s0000000-0000-0000-0000-000000000008',2),
  ('sc000003-0000-0000-0000-000000000001','s0000000-0000-0000-0000-000000000007',2),
  ('sc000003-0000-0000-0000-000000000001','s0000000-0000-0000-0000-000000000009',1),
  -- 3B
  ('sc000003-0000-0000-0000-000000000002',(SELECT id FROM subjects WHERE school_id='aaaaaaaa-0000-0000-0000-000000000001' AND code='MATH'),5),
  ('sc000003-0000-0000-0000-000000000002',(SELECT id FROM subjects WHERE school_id='aaaaaaaa-0000-0000-0000-000000000001' AND code='UZB'),5),
  ('sc000003-0000-0000-0000-000000000002',(SELECT id FROM subjects WHERE school_id='aaaaaaaa-0000-0000-0000-000000000001' AND code='ENG'),2),
  ('sc000003-0000-0000-0000-000000000002','s0000000-0000-0000-0000-000000000005',3),
  ('sc000003-0000-0000-0000-000000000002','s0000000-0000-0000-0000-000000000006',2),
  ('sc000003-0000-0000-0000-000000000002','s0000000-0000-0000-0000-000000000001',2),
  ('sc000003-0000-0000-0000-000000000002',(SELECT id FROM subjects WHERE school_id='aaaaaaaa-0000-0000-0000-000000000001' AND code='PE'),3),
  ('sc000003-0000-0000-0000-000000000002',(SELECT id FROM subjects WHERE school_id='aaaaaaaa-0000-0000-0000-000000000001' AND code='MUS'),2),
  ('sc000003-0000-0000-0000-000000000002','s0000000-0000-0000-0000-000000000008',2),
  ('sc000003-0000-0000-0000-000000000002','s0000000-0000-0000-0000-000000000007',2),
  ('sc000003-0000-0000-0000-000000000002','s0000000-0000-0000-0000-000000000009',1),
  -- 4A
  ('sc000004-0000-0000-0000-000000000001',(SELECT id FROM subjects WHERE school_id='aaaaaaaa-0000-0000-0000-000000000001' AND code='MATH'),5),
  ('sc000004-0000-0000-0000-000000000001',(SELECT id FROM subjects WHERE school_id='aaaaaaaa-0000-0000-0000-000000000001' AND code='UZB'),5),
  ('sc000004-0000-0000-0000-000000000001',(SELECT id FROM subjects WHERE school_id='aaaaaaaa-0000-0000-0000-000000000001' AND code='ENG'),2),
  ('sc000004-0000-0000-0000-000000000001','s0000000-0000-0000-0000-000000000005',3),
  ('sc000004-0000-0000-0000-000000000001','s0000000-0000-0000-0000-000000000006',2),
  ('sc000004-0000-0000-0000-000000000001','s0000000-0000-0000-0000-000000000001',2),
  ('sc000004-0000-0000-0000-000000000001',(SELECT id FROM subjects WHERE school_id='aaaaaaaa-0000-0000-0000-000000000001' AND code='PE'),3),
  ('sc000004-0000-0000-0000-000000000001',(SELECT id FROM subjects WHERE school_id='aaaaaaaa-0000-0000-0000-000000000001' AND code='MUS'),2),
  ('sc000004-0000-0000-0000-000000000001','s0000000-0000-0000-0000-000000000008',2),
  ('sc000004-0000-0000-0000-000000000001','s0000000-0000-0000-0000-000000000007',2),
  ('sc000004-0000-0000-0000-000000000001','s0000000-0000-0000-0000-000000000009',1),
  -- 4B
  ('sc000004-0000-0000-0000-000000000002',(SELECT id FROM subjects WHERE school_id='aaaaaaaa-0000-0000-0000-000000000001' AND code='MATH'),5),
  ('sc000004-0000-0000-0000-000000000002',(SELECT id FROM subjects WHERE school_id='aaaaaaaa-0000-0000-0000-000000000001' AND code='UZB'),5),
  ('sc000004-0000-0000-0000-000000000002',(SELECT id FROM subjects WHERE school_id='aaaaaaaa-0000-0000-0000-000000000001' AND code='ENG'),2),
  ('sc000004-0000-0000-0000-000000000002','s0000000-0000-0000-0000-000000000005',3),
  ('sc000004-0000-0000-0000-000000000002','s0000000-0000-0000-0000-000000000006',2),
  ('sc000004-0000-0000-0000-000000000002','s0000000-0000-0000-0000-000000000001',2),
  ('sc000004-0000-0000-0000-000000000002',(SELECT id FROM subjects WHERE school_id='aaaaaaaa-0000-0000-0000-000000000001' AND code='PE'),3),
  ('sc000004-0000-0000-0000-000000000002',(SELECT id FROM subjects WHERE school_id='aaaaaaaa-0000-0000-0000-000000000001' AND code='MUS'),2),
  ('sc000004-0000-0000-0000-000000000002','s0000000-0000-0000-0000-000000000008',2),
  ('sc000004-0000-0000-0000-000000000002','s0000000-0000-0000-0000-000000000007',2),
  ('sc000004-0000-0000-0000-000000000002','s0000000-0000-0000-0000-000000000009',1)
ON CONFLICT DO NOTHING;

-- ── class_subjects — middle grades 5-9 ──────────────────────────────────────
-- Algebra 4h, Geometriya 2h, O'zbek 3h, Ingliz 3h, Rus 2h, Fizika 3h,
-- Kimyo 3h, Bio 3h, Tarix 2h, Geo 2h, Info 2h, JT 2h, Musiqa 1h, Art 1h, Tech 1h, MII 1h
INSERT INTO class_subjects (class_id, subject_id, weekly_hours) VALUES
  -- 5A
  ('sc000005-0000-0000-0000-000000000001','s0000000-0000-0000-0000-000000000003',4),
  ('sc000005-0000-0000-0000-000000000001','s0000000-0000-0000-0000-000000000004',2),
  ('sc000005-0000-0000-0000-000000000001',(SELECT id FROM subjects WHERE school_id='aaaaaaaa-0000-0000-0000-000000000001' AND code='UZB'),3),
  ('sc000005-0000-0000-0000-000000000001',(SELECT id FROM subjects WHERE school_id='aaaaaaaa-0000-0000-0000-000000000001' AND code='ENG'),3),
  ('sc000005-0000-0000-0000-000000000001','s0000000-0000-0000-0000-000000000001',2),
  ('sc000005-0000-0000-0000-000000000001',(SELECT id FROM subjects WHERE school_id='aaaaaaaa-0000-0000-0000-000000000001' AND code='PHYS'),3),
  ('sc000005-0000-0000-0000-000000000001',(SELECT id FROM subjects WHERE school_id='aaaaaaaa-0000-0000-0000-000000000001' AND code='CHEM'),3),
  ('sc000005-0000-0000-0000-000000000001',(SELECT id FROM subjects WHERE school_id='aaaaaaaa-0000-0000-0000-000000000001' AND code='BIO'),3),
  ('sc000005-0000-0000-0000-000000000001',(SELECT id FROM subjects WHERE school_id='aaaaaaaa-0000-0000-0000-000000000001' AND code='HIST'),2),
  ('sc000005-0000-0000-0000-000000000001','s0000000-0000-0000-0000-000000000002',2),
  ('sc000005-0000-0000-0000-000000000001',(SELECT id FROM subjects WHERE school_id='aaaaaaaa-0000-0000-0000-000000000001' AND code='INFO'),2),
  ('sc000005-0000-0000-0000-000000000001',(SELECT id FROM subjects WHERE school_id='aaaaaaaa-0000-0000-0000-000000000001' AND code='PE'),2),
  ('sc000005-0000-0000-0000-000000000001',(SELECT id FROM subjects WHERE school_id='aaaaaaaa-0000-0000-0000-000000000001' AND code='MUS'),1),
  ('sc000005-0000-0000-0000-000000000001','s0000000-0000-0000-0000-000000000008',1),
  ('sc000005-0000-0000-0000-000000000001','s0000000-0000-0000-0000-000000000007',1),
  ('sc000005-0000-0000-0000-000000000001','s0000000-0000-0000-0000-000000000010',1),
  -- 5B
  ('sc000005-0000-0000-0000-000000000002','s0000000-0000-0000-0000-000000000003',4),
  ('sc000005-0000-0000-0000-000000000002','s0000000-0000-0000-0000-000000000004',2),
  ('sc000005-0000-0000-0000-000000000002',(SELECT id FROM subjects WHERE school_id='aaaaaaaa-0000-0000-0000-000000000001' AND code='UZB'),3),
  ('sc000005-0000-0000-0000-000000000002',(SELECT id FROM subjects WHERE school_id='aaaaaaaa-0000-0000-0000-000000000001' AND code='ENG'),3),
  ('sc000005-0000-0000-0000-000000000002','s0000000-0000-0000-0000-000000000001',2),
  ('sc000005-0000-0000-0000-000000000002',(SELECT id FROM subjects WHERE school_id='aaaaaaaa-0000-0000-0000-000000000001' AND code='PHYS'),3),
  ('sc000005-0000-0000-0000-000000000002',(SELECT id FROM subjects WHERE school_id='aaaaaaaa-0000-0000-0000-000000000001' AND code='CHEM'),3),
  ('sc000005-0000-0000-0000-000000000002',(SELECT id FROM subjects WHERE school_id='aaaaaaaa-0000-0000-0000-000000000001' AND code='BIO'),3),
  ('sc000005-0000-0000-0000-000000000002',(SELECT id FROM subjects WHERE school_id='aaaaaaaa-0000-0000-0000-000000000001' AND code='HIST'),2),
  ('sc000005-0000-0000-0000-000000000002','s0000000-0000-0000-0000-000000000002',2),
  ('sc000005-0000-0000-0000-000000000002',(SELECT id FROM subjects WHERE school_id='aaaaaaaa-0000-0000-0000-000000000001' AND code='INFO'),2),
  ('sc000005-0000-0000-0000-000000000002',(SELECT id FROM subjects WHERE school_id='aaaaaaaa-0000-0000-0000-000000000001' AND code='PE'),2),
  ('sc000005-0000-0000-0000-000000000002',(SELECT id FROM subjects WHERE school_id='aaaaaaaa-0000-0000-0000-000000000001' AND code='MUS'),1),
  ('sc000005-0000-0000-0000-000000000002','s0000000-0000-0000-0000-000000000008',1),
  ('sc000005-0000-0000-0000-000000000002','s0000000-0000-0000-0000-000000000007',1),
  ('sc000005-0000-0000-0000-000000000002','s0000000-0000-0000-0000-000000000010',1),
  -- 9A (representative middle/upper class)
  ('sc000009-0000-0000-0000-000000000001','s0000000-0000-0000-0000-000000000003',4),
  ('sc000009-0000-0000-0000-000000000001','s0000000-0000-0000-0000-000000000004',2),
  ('sc000009-0000-0000-0000-000000000001',(SELECT id FROM subjects WHERE school_id='aaaaaaaa-0000-0000-0000-000000000001' AND code='UZB'),3),
  ('sc000009-0000-0000-0000-000000000001',(SELECT id FROM subjects WHERE school_id='aaaaaaaa-0000-0000-0000-000000000001' AND code='ENG'),3),
  ('sc000009-0000-0000-0000-000000000001','s0000000-0000-0000-0000-000000000001',2),
  ('sc000009-0000-0000-0000-000000000001',(SELECT id FROM subjects WHERE school_id='aaaaaaaa-0000-0000-0000-000000000001' AND code='PHYS'),3),
  ('sc000009-0000-0000-0000-000000000001',(SELECT id FROM subjects WHERE school_id='aaaaaaaa-0000-0000-0000-000000000001' AND code='CHEM'),3),
  ('sc000009-0000-0000-0000-000000000001',(SELECT id FROM subjects WHERE school_id='aaaaaaaa-0000-0000-0000-000000000001' AND code='BIO'),3),
  ('sc000009-0000-0000-0000-000000000001',(SELECT id FROM subjects WHERE school_id='aaaaaaaa-0000-0000-0000-000000000001' AND code='HIST'),2),
  ('sc000009-0000-0000-0000-000000000001','s0000000-0000-0000-0000-000000000002',2),
  ('sc000009-0000-0000-0000-000000000001',(SELECT id FROM subjects WHERE school_id='aaaaaaaa-0000-0000-0000-000000000001' AND code='INFO'),2),
  ('sc000009-0000-0000-0000-000000000001',(SELECT id FROM subjects WHERE school_id='aaaaaaaa-0000-0000-0000-000000000001' AND code='PE'),2),
  ('sc000009-0000-0000-0000-000000000001','s0000000-0000-0000-0000-000000000010',1)
ON CONFLICT DO NOTHING;

-- ── class_subjects — senior grades 10-11 ────────────────────────────────────
INSERT INTO class_subjects (class_id, subject_id, weekly_hours) VALUES
  -- 11A
  ('sc000011-0000-0000-0000-000000000001','s0000000-0000-0000-0000-000000000003',4),
  ('sc000011-0000-0000-0000-000000000001','s0000000-0000-0000-0000-000000000004',2),
  ('sc000011-0000-0000-0000-000000000001',(SELECT id FROM subjects WHERE school_id='aaaaaaaa-0000-0000-0000-000000000001' AND code='PHYS'),3),
  ('sc000011-0000-0000-0000-000000000001',(SELECT id FROM subjects WHERE school_id='aaaaaaaa-0000-0000-0000-000000000001' AND code='CHEM'),3),
  ('sc000011-0000-0000-0000-000000000001',(SELECT id FROM subjects WHERE school_id='aaaaaaaa-0000-0000-0000-000000000001' AND code='BIO'),3),
  ('sc000011-0000-0000-0000-000000000001',(SELECT id FROM subjects WHERE school_id='aaaaaaaa-0000-0000-0000-000000000001' AND code='INFO'),3),
  ('sc000011-0000-0000-0000-000000000001',(SELECT id FROM subjects WHERE school_id='aaaaaaaa-0000-0000-0000-000000000001' AND code='ENG'),3),
  ('sc000011-0000-0000-0000-000000000001',(SELECT id FROM subjects WHERE school_id='aaaaaaaa-0000-0000-0000-000000000001' AND code='UZB'),2),
  ('sc000011-0000-0000-0000-000000000001',(SELECT id FROM subjects WHERE school_id='aaaaaaaa-0000-0000-0000-000000000001' AND code='HIST'),2),
  ('sc000011-0000-0000-0000-000000000001','s0000000-0000-0000-0000-000000000002',2),
  ('sc000011-0000-0000-0000-000000000001','s0000000-0000-0000-0000-000000000011',2),
  ('sc000011-0000-0000-0000-000000000001',(SELECT id FROM subjects WHERE school_id='aaaaaaaa-0000-0000-0000-000000000001' AND code='PE'),2),
  ('sc000011-0000-0000-0000-000000000001','s0000000-0000-0000-0000-000000000010',1),
  -- 11B
  ('sc000011-0000-0000-0000-000000000002','s0000000-0000-0000-0000-000000000003',4),
  ('sc000011-0000-0000-0000-000000000002','s0000000-0000-0000-0000-000000000004',2),
  ('sc000011-0000-0000-0000-000000000002',(SELECT id FROM subjects WHERE school_id='aaaaaaaa-0000-0000-0000-000000000001' AND code='PHYS'),3),
  ('sc000011-0000-0000-0000-000000000002',(SELECT id FROM subjects WHERE school_id='aaaaaaaa-0000-0000-0000-000000000001' AND code='CHEM'),3),
  ('sc000011-0000-0000-0000-000000000002',(SELECT id FROM subjects WHERE school_id='aaaaaaaa-0000-0000-0000-000000000001' AND code='BIO'),3),
  ('sc000011-0000-0000-0000-000000000002',(SELECT id FROM subjects WHERE school_id='aaaaaaaa-0000-0000-0000-000000000001' AND code='INFO'),3),
  ('sc000011-0000-0000-0000-000000000002',(SELECT id FROM subjects WHERE school_id='aaaaaaaa-0000-0000-0000-000000000001' AND code='ENG'),3),
  ('sc000011-0000-0000-0000-000000000002',(SELECT id FROM subjects WHERE school_id='aaaaaaaa-0000-0000-0000-000000000001' AND code='UZB'),2),
  ('sc000011-0000-0000-0000-000000000002',(SELECT id FROM subjects WHERE school_id='aaaaaaaa-0000-0000-0000-000000000001' AND code='HIST'),2),
  ('sc000011-0000-0000-0000-000000000002','s0000000-0000-0000-0000-000000000002',2),
  ('sc000011-0000-0000-0000-000000000002','s0000000-0000-0000-0000-000000000011',2),
  ('sc000011-0000-0000-0000-000000000002',(SELECT id FROM subjects WHERE school_id='aaaaaaaa-0000-0000-0000-000000000001' AND code='PE'),2),
  ('sc000011-0000-0000-0000-000000000002','s0000000-0000-0000-0000-000000000010',1)
ON CONFLICT DO NOTHING;

-- ── Timetable ────────────────────────────────────────────────────────────────
INSERT INTO timetables (id, school_id, semester_id, name, status, published_at, created_by)
VALUES (
  'tt000000-0000-0000-0000-000000000002',
  'aaaaaaaa-0000-0000-0000-000000000001',
  'dd000000-0000-0000-0000-000000000003',
  '2025-2026 yil 1-semestr dars jadvali',
  'PUBLISHED',
  NOW(),
  NULL
) ON CONFLICT DO NOTHING;

-- ── Timetable entries for 5A — Mon–Fri, 5 periods/day ───────────────────────
-- Each period uses a unique (teacher, room) pair to avoid constraint violations.
-- Teacher IDs: t001=Algebra/Geom, t002=Ona/Adb, t003=Rus, t004=Geo,
--              t009=Math, t010=UZB, t011=ENG, t012=Phys, t013=Chem,
--              t014=Bio, t015=Hist, t016=Info, t017=PE/MII, t018=Musiqa
INSERT INTO timetable_entries (id, timetable_id, school_id, student_class_id, subject_id, teacher_id, classroom_id, day_of_week, period_number, lesson_period_id, is_pinned) VALUES
-- Monday
  (uuid_generate_v4(),'tt000000-0000-0000-0000-000000000002','aaaaaaaa-0000-0000-0000-000000000001',
   'sc000005-0000-0000-0000-000000000001','s0000000-0000-0000-0000-000000000003','t0000000-0000-0000-0000-000000000001',
   'c1000000-0000-0000-0000-000000000005','Monday',1,
   (SELECT id FROM lesson_periods WHERE school_id='aaaaaaaa-0000-0000-0000-000000000001' AND period_number=1 AND shift='FIRST'),false),
  (uuid_generate_v4(),'tt000000-0000-0000-0000-000000000002','aaaaaaaa-0000-0000-0000-000000000001',
   'sc000005-0000-0000-0000-000000000001',
   (SELECT id FROM subjects WHERE school_id='aaaaaaaa-0000-0000-0000-000000000001' AND code='UZB'),
   't0000000-0000-0000-0000-000000000010',
   'c1000000-0000-0000-0000-000000000005','Monday',2,
   (SELECT id FROM lesson_periods WHERE school_id='aaaaaaaa-0000-0000-0000-000000000001' AND period_number=2 AND shift='FIRST'),false),
  (uuid_generate_v4(),'tt000000-0000-0000-0000-000000000002','aaaaaaaa-0000-0000-0000-000000000001',
   'sc000005-0000-0000-0000-000000000001',
   (SELECT id FROM subjects WHERE school_id='aaaaaaaa-0000-0000-0000-000000000001' AND code='ENG'),
   't0000000-0000-0000-0000-000000000011',
   'c1000000-0000-0000-0000-000000000006','Monday',3,
   (SELECT id FROM lesson_periods WHERE school_id='aaaaaaaa-0000-0000-0000-000000000001' AND period_number=3 AND shift='FIRST'),false),
  (uuid_generate_v4(),'tt000000-0000-0000-0000-000000000002','aaaaaaaa-0000-0000-0000-000000000001',
   'sc000005-0000-0000-0000-000000000001',
   (SELECT id FROM subjects WHERE school_id='aaaaaaaa-0000-0000-0000-000000000001' AND code='BIO'),
   't0000000-0000-0000-0000-000000000014',
   'c1000000-0000-0000-0000-000000000010','Monday',4,
   (SELECT id FROM lesson_periods WHERE school_id='aaaaaaaa-0000-0000-0000-000000000001' AND period_number=4 AND shift='FIRST'),false),
  (uuid_generate_v4(),'tt000000-0000-0000-0000-000000000002','aaaaaaaa-0000-0000-0000-000000000001',
   'sc000005-0000-0000-0000-000000000001',
   (SELECT id FROM subjects WHERE school_id='aaaaaaaa-0000-0000-0000-000000000001' AND code='PE'),
   't0000000-0000-0000-0000-000000000017',
   'c1000000-0000-0000-0000-000000000012','Monday',5,
   (SELECT id FROM lesson_periods WHERE school_id='aaaaaaaa-0000-0000-0000-000000000001' AND period_number=5 AND shift='FIRST'),false),
-- Tuesday
  (uuid_generate_v4(),'tt000000-0000-0000-0000-000000000002','aaaaaaaa-0000-0000-0000-000000000001',
   'sc000005-0000-0000-0000-000000000001','s0000000-0000-0000-0000-000000000004','t0000000-0000-0000-0000-000000000001',
   'c1000000-0000-0000-0000-000000000005','Tuesday',1,
   (SELECT id FROM lesson_periods WHERE school_id='aaaaaaaa-0000-0000-0000-000000000001' AND period_number=1 AND shift='FIRST'),false),
  (uuid_generate_v4(),'tt000000-0000-0000-0000-000000000002','aaaaaaaa-0000-0000-0000-000000000001',
   'sc000005-0000-0000-0000-000000000001',
   (SELECT id FROM subjects WHERE school_id='aaaaaaaa-0000-0000-0000-000000000001' AND code='PHYS'),
   't0000000-0000-0000-0000-000000000012',
   'c1000000-0000-0000-0000-000000000011','Tuesday',2,
   (SELECT id FROM lesson_periods WHERE school_id='aaaaaaaa-0000-0000-0000-000000000001' AND period_number=2 AND shift='FIRST'),false),
  (uuid_generate_v4(),'tt000000-0000-0000-0000-000000000002','aaaaaaaa-0000-0000-0000-000000000001',
   'sc000005-0000-0000-0000-000000000001',
   (SELECT id FROM subjects WHERE school_id='aaaaaaaa-0000-0000-0000-000000000001' AND code='HIST'),
   't0000000-0000-0000-0000-000000000015',
   'c1000000-0000-0000-0000-000000000006','Tuesday',3,
   (SELECT id FROM lesson_periods WHERE school_id='aaaaaaaa-0000-0000-0000-000000000001' AND period_number=3 AND shift='FIRST'),false),
  (uuid_generate_v4(),'tt000000-0000-0000-0000-000000000002','aaaaaaaa-0000-0000-0000-000000000001',
   'sc000005-0000-0000-0000-000000000001','s0000000-0000-0000-0000-000000000003','t0000000-0000-0000-0000-000000000001',
   'c1000000-0000-0000-0000-000000000005','Tuesday',4,
   (SELECT id FROM lesson_periods WHERE school_id='aaaaaaaa-0000-0000-0000-000000000001' AND period_number=4 AND shift='FIRST'),false),
  (uuid_generate_v4(),'tt000000-0000-0000-0000-000000000002','aaaaaaaa-0000-0000-0000-000000000001',
   'sc000005-0000-0000-0000-000000000001',
   (SELECT id FROM subjects WHERE school_id='aaaaaaaa-0000-0000-0000-000000000001' AND code='INFO'),
   't0000000-0000-0000-0000-000000000016',
   'c1000000-0000-0000-0000-000000000008','Tuesday',5,
   (SELECT id FROM lesson_periods WHERE school_id='aaaaaaaa-0000-0000-0000-000000000001' AND period_number=5 AND shift='FIRST'),false),
-- Wednesday
  (uuid_generate_v4(),'tt000000-0000-0000-0000-000000000002','aaaaaaaa-0000-0000-0000-000000000001',
   'sc000005-0000-0000-0000-000000000001','s0000000-0000-0000-0000-000000000003','t0000000-0000-0000-0000-000000000001',
   'c1000000-0000-0000-0000-000000000005','Wednesday',1,
   (SELECT id FROM lesson_periods WHERE school_id='aaaaaaaa-0000-0000-0000-000000000001' AND period_number=1 AND shift='FIRST'),false),
  (uuid_generate_v4(),'tt000000-0000-0000-0000-000000000002','aaaaaaaa-0000-0000-0000-000000000001',
   'sc000005-0000-0000-0000-000000000001',
   (SELECT id FROM subjects WHERE school_id='aaaaaaaa-0000-0000-0000-000000000001' AND code='ENG'),
   't0000000-0000-0000-0000-000000000011',
   'c1000000-0000-0000-0000-000000000006','Wednesday',2,
   (SELECT id FROM lesson_periods WHERE school_id='aaaaaaaa-0000-0000-0000-000000000001' AND period_number=2 AND shift='FIRST'),false),
  (uuid_generate_v4(),'tt000000-0000-0000-0000-000000000002','aaaaaaaa-0000-0000-0000-000000000001',
   'sc000005-0000-0000-0000-000000000001',
   (SELECT id FROM subjects WHERE school_id='aaaaaaaa-0000-0000-0000-000000000001' AND code='CHEM'),
   't0000000-0000-0000-0000-000000000013',
   'c1000000-0000-0000-0000-000000000010','Wednesday',3,
   (SELECT id FROM lesson_periods WHERE school_id='aaaaaaaa-0000-0000-0000-000000000001' AND period_number=3 AND shift='FIRST'),false),
  (uuid_generate_v4(),'tt000000-0000-0000-0000-000000000002','aaaaaaaa-0000-0000-0000-000000000001',
   'sc000005-0000-0000-0000-000000000001','s0000000-0000-0000-0000-000000000001','t0000000-0000-0000-0000-000000000003',
   'c1000000-0000-0000-0000-000000000006','Wednesday',4,
   (SELECT id FROM lesson_periods WHERE school_id='aaaaaaaa-0000-0000-0000-000000000001' AND period_number=4 AND shift='FIRST'),false),
  (uuid_generate_v4(),'tt000000-0000-0000-0000-000000000002','aaaaaaaa-0000-0000-0000-000000000001',
   'sc000005-0000-0000-0000-000000000001',
   (SELECT id FROM subjects WHERE school_id='aaaaaaaa-0000-0000-0000-000000000001' AND code='MUS'),
   't0000000-0000-0000-0000-000000000018',
   'c1000000-0000-0000-0000-000000000014','Wednesday',5,
   (SELECT id FROM lesson_periods WHERE school_id='aaaaaaaa-0000-0000-0000-000000000001' AND period_number=5 AND shift='FIRST'),false),
-- Thursday
  (uuid_generate_v4(),'tt000000-0000-0000-0000-000000000002','aaaaaaaa-0000-0000-0000-000000000001',
   'sc000005-0000-0000-0000-000000000001','s0000000-0000-0000-0000-000000000004','t0000000-0000-0000-0000-000000000001',
   'c1000000-0000-0000-0000-000000000005','Thursday',1,
   (SELECT id FROM lesson_periods WHERE school_id='aaaaaaaa-0000-0000-0000-000000000001' AND period_number=1 AND shift='FIRST'),false),
  (uuid_generate_v4(),'tt000000-0000-0000-0000-000000000002','aaaaaaaa-0000-0000-0000-000000000001',
   'sc000005-0000-0000-0000-000000000001',
   (SELECT id FROM subjects WHERE school_id='aaaaaaaa-0000-0000-0000-000000000001' AND code='UZB'),
   't0000000-0000-0000-0000-000000000010',
   'c1000000-0000-0000-0000-000000000005','Thursday',2,
   (SELECT id FROM lesson_periods WHERE school_id='aaaaaaaa-0000-0000-0000-000000000001' AND period_number=2 AND shift='FIRST'),false),
  (uuid_generate_v4(),'tt000000-0000-0000-0000-000000000002','aaaaaaaa-0000-0000-0000-000000000001',
   'sc000005-0000-0000-0000-000000000001','s0000000-0000-0000-0000-000000000002','t0000000-0000-0000-0000-000000000004',
   'c1000000-0000-0000-0000-000000000006','Thursday',3,
   (SELECT id FROM lesson_periods WHERE school_id='aaaaaaaa-0000-0000-0000-000000000001' AND period_number=3 AND shift='FIRST'),false),
  (uuid_generate_v4(),'tt000000-0000-0000-0000-000000000002','aaaaaaaa-0000-0000-0000-000000000001',
   'sc000005-0000-0000-0000-000000000001','s0000000-0000-0000-0000-000000000008','t0000000-0000-0000-0000-000000000006',
   'c1000000-0000-0000-0000-000000000013','Thursday',4,
   (SELECT id FROM lesson_periods WHERE school_id='aaaaaaaa-0000-0000-0000-000000000001' AND period_number=4 AND shift='FIRST'),false),
  (uuid_generate_v4(),'tt000000-0000-0000-0000-000000000002','aaaaaaaa-0000-0000-0000-000000000001',
   'sc000005-0000-0000-0000-000000000001',
   (SELECT id FROM subjects WHERE school_id='aaaaaaaa-0000-0000-0000-000000000001' AND code='BIO'),
   't0000000-0000-0000-0000-000000000014',
   'c1000000-0000-0000-0000-000000000010','Thursday',5,
   (SELECT id FROM lesson_periods WHERE school_id='aaaaaaaa-0000-0000-0000-000000000001' AND period_number=5 AND shift='FIRST'),false),
-- Friday
  (uuid_generate_v4(),'tt000000-0000-0000-0000-000000000002','aaaaaaaa-0000-0000-0000-000000000001',
   'sc000005-0000-0000-0000-000000000001','s0000000-0000-0000-0000-000000000003','t0000000-0000-0000-0000-000000000001',
   'c1000000-0000-0000-0000-000000000005','Friday',1,
   (SELECT id FROM lesson_periods WHERE school_id='aaaaaaaa-0000-0000-0000-000000000001' AND period_number=1 AND shift='FIRST'),false),
  (uuid_generate_v4(),'tt000000-0000-0000-0000-000000000002','aaaaaaaa-0000-0000-0000-000000000001',
   'sc000005-0000-0000-0000-000000000001',
   (SELECT id FROM subjects WHERE school_id='aaaaaaaa-0000-0000-0000-000000000001' AND code='PHYS'),
   't0000000-0000-0000-0000-000000000012',
   'c1000000-0000-0000-0000-000000000011','Friday',2,
   (SELECT id FROM lesson_periods WHERE school_id='aaaaaaaa-0000-0000-0000-000000000001' AND period_number=2 AND shift='FIRST'),false),
  (uuid_generate_v4(),'tt000000-0000-0000-0000-000000000002','aaaaaaaa-0000-0000-0000-000000000001',
   'sc000005-0000-0000-0000-000000000001','s0000000-0000-0000-0000-000000000006','t0000000-0000-0000-0000-000000000002',
   'c1000000-0000-0000-0000-000000000005','Friday',3,
   (SELECT id FROM lesson_periods WHERE school_id='aaaaaaaa-0000-0000-0000-000000000001' AND period_number=3 AND shift='FIRST'),false),
  (uuid_generate_v4(),'tt000000-0000-0000-0000-000000000002','aaaaaaaa-0000-0000-0000-000000000001',
   'sc000005-0000-0000-0000-000000000001','s0000000-0000-0000-0000-000000000007','t0000000-0000-0000-0000-000000000005',
   'c1000000-0000-0000-0000-000000000007','Friday',4,
   (SELECT id FROM lesson_periods WHERE school_id='aaaaaaaa-0000-0000-0000-000000000001' AND period_number=4 AND shift='FIRST'),false),
  (uuid_generate_v4(),'tt000000-0000-0000-0000-000000000002','aaaaaaaa-0000-0000-0000-000000000001',
   'sc000005-0000-0000-0000-000000000001','s0000000-0000-0000-0000-000000000010','t0000000-0000-0000-0000-000000000007',
   'c1000000-0000-0000-0000-000000000006','Friday',5,
   (SELECT id FROM lesson_periods WHERE school_id='aaaaaaaa-0000-0000-0000-000000000001' AND period_number=5 AND shift='FIRST'),false)
ON CONFLICT DO NOTHING;

-- ── Quality score ─────────────────────────────────────────────────────────────
INSERT INTO timetable_quality_scores (timetable_id, overall_score, hard_score, soft_score, hard_constraint_violations, soft_constraint_penalties)
VALUES ('tt000000-0000-0000-0000-000000000002', 92.50, 0, 0, 0, 0)
ON CONFLICT DO NOTHING;
