-- V9: Comprehensive 2025-2026 academic year data
-- UUID naming: a0... = subjects, b0... = teachers, ac... = student classes,
--              c0... = timetables, c1... = classrooms, bb... = classroom types,
--              cc... = academic years, dd... = semesters
-- All UUIDs use only valid hex chars (0-9, a-f).

-- ── Classroom types ──────────────────────────────────────────────────────────
INSERT INTO classroom_types (id, school_id, code, name) VALUES
  ('bb000000-0000-0000-0000-000000000002','aaaaaaaa-0000-0000-0000-000000000001','COMPUTER_LAB','Kompyuter xonasi'),
  ('bb000000-0000-0000-0000-000000000003','aaaaaaaa-0000-0000-0000-000000000001','SCIENCE_LAB','Kimyo/Fizika laboratoriyasi'),
  ('bb000000-0000-0000-0000-000000000004','aaaaaaaa-0000-0000-0000-000000000001','GYM','Sport zali'),
  ('bb000000-0000-0000-0000-000000000005','aaaaaaaa-0000-0000-0000-000000000001','ART_ROOM','Tasviriy san''at xonasi'),
  ('bb000000-0000-0000-0000-000000000006','aaaaaaaa-0000-0000-0000-000000000001','MUSIC_ROOM','Musiqa xonasi'),
  ('bb000000-0000-0000-0000-000000000007','aaaaaaaa-0000-0000-0000-000000000001','LIBRARY','Kutubxona')
ON CONFLICT DO NOTHING;

-- ── Academic year 2025-2026 ──────────────────────────────────────────────────
INSERT INTO academic_years (id, school_id, name, start_date, end_date, is_current) VALUES
  ('cc000000-0000-0000-0000-000000000002','aaaaaaaa-0000-0000-0000-000000000001','2025-2026','2025-09-01','2026-05-30',false)
ON CONFLICT DO NOTHING;

-- ── Semesters 2025-2026 ──────────────────────────────────────────────────────
INSERT INTO semesters (id, academic_year_id, school_id, name, semester_number, start_date, end_date, is_current) VALUES
  ('dd000000-0000-0000-0000-000000000003','cc000000-0000-0000-0000-000000000002','aaaaaaaa-0000-0000-0000-000000000001','1-semestr',1,'2025-09-01','2025-12-31',false),
  ('dd000000-0000-0000-0000-000000000004','cc000000-0000-0000-0000-000000000002','aaaaaaaa-0000-0000-0000-000000000001','2-semestr',2,'2026-01-12','2026-05-30',false)
ON CONFLICT DO NOTHING;

-- ── Classrooms (c1 prefix — valid hex) ──────────────────────────────────────
INSERT INTO classrooms (id, school_id, classroom_type_id, name, capacity, floor, building, status) VALUES
  ('c1000000-0000-0000-0000-000000000001','aaaaaaaa-0000-0000-0000-000000000001','bbbbbbbb-0000-0000-0000-000000000001','104-xona',32,1,'Asosiy bino','ACTIVE'),
  ('c1000000-0000-0000-0000-000000000002','aaaaaaaa-0000-0000-0000-000000000001','bbbbbbbb-0000-0000-0000-000000000001','105-xona',30,1,'Asosiy bino','ACTIVE'),
  ('c1000000-0000-0000-0000-000000000003','aaaaaaaa-0000-0000-0000-000000000001','bbbbbbbb-0000-0000-0000-000000000001','204-xona',32,2,'Asosiy bino','ACTIVE'),
  ('c1000000-0000-0000-0000-000000000004','aaaaaaaa-0000-0000-0000-000000000001','bbbbbbbb-0000-0000-0000-000000000001','205-xona',30,2,'Asosiy bino','ACTIVE'),
  ('c1000000-0000-0000-0000-000000000005','aaaaaaaa-0000-0000-0000-000000000001','bbbbbbbb-0000-0000-0000-000000000001','301-xona',35,3,'Asosiy bino','ACTIVE'),
  ('c1000000-0000-0000-0000-000000000006','aaaaaaaa-0000-0000-0000-000000000001','bbbbbbbb-0000-0000-0000-000000000001','302-xona',32,3,'Asosiy bino','ACTIVE'),
  ('c1000000-0000-0000-0000-000000000007','aaaaaaaa-0000-0000-0000-000000000001','bbbbbbbb-0000-0000-0000-000000000001','303-xona',30,3,'Asosiy bino','ACTIVE'),
  ('c1000000-0000-0000-0000-000000000008','aaaaaaaa-0000-0000-0000-000000000001','bb000000-0000-0000-0000-000000000002','IT xonasi 1',30,2,'Yangi bino','ACTIVE'),
  ('c1000000-0000-0000-0000-000000000009','aaaaaaaa-0000-0000-0000-000000000001','bb000000-0000-0000-0000-000000000002','IT xonasi 2',30,2,'Yangi bino','ACTIVE'),
  ('c1000000-0000-0000-0000-000000000010','aaaaaaaa-0000-0000-0000-000000000001','bb000000-0000-0000-0000-000000000003','Kimyo laboratoriyasi',28,1,'Yangi bino','ACTIVE'),
  ('c1000000-0000-0000-0000-000000000011','aaaaaaaa-0000-0000-0000-000000000001','bb000000-0000-0000-0000-000000000003','Fizika laboratoriyasi',28,1,'Yangi bino','ACTIVE'),
  ('c1000000-0000-0000-0000-000000000012','aaaaaaaa-0000-0000-0000-000000000001','bb000000-0000-0000-0000-000000000004','Sport zali',80,1,'Sport bino','ACTIVE'),
  ('c1000000-0000-0000-0000-000000000013','aaaaaaaa-0000-0000-0000-000000000001','bb000000-0000-0000-0000-000000000005','Rassom xonasi',28,2,'Yangi bino','ACTIVE'),
  ('c1000000-0000-0000-0000-000000000014','aaaaaaaa-0000-0000-0000-000000000001','bb000000-0000-0000-0000-000000000006','Musiqa xonasi',35,3,'Yangi bino','ACTIVE')
ON CONFLICT DO NOTHING;

-- ── Subjects (a0 prefix — valid hex) ────────────────────────────────────────
INSERT INTO subjects (id, school_id, name, code, color, is_core) VALUES
  ('a0000000-0000-0000-0000-000000000001','aaaaaaaa-0000-0000-0000-000000000001','Rus tili','RUS','#64748b',true),
  ('a0000000-0000-0000-0000-000000000002','aaaaaaaa-0000-0000-0000-000000000001','Geografiya','GEO','#0ea5e9',true),
  ('a0000000-0000-0000-0000-000000000003','aaaaaaaa-0000-0000-0000-000000000001','Algebra','ALG','#7c3aed',true),
  ('a0000000-0000-0000-0000-000000000004','aaaaaaaa-0000-0000-0000-000000000001','Geometriya','GEOM','#4f46e5',true),
  ('a0000000-0000-0000-0000-000000000005','aaaaaaaa-0000-0000-0000-000000000001','Ona tili','ONA','#2563eb',true),
  ('a0000000-0000-0000-0000-000000000006','aaaaaaaa-0000-0000-0000-000000000001','Adabiyot','ADBYT','#db2777',true),
  ('a0000000-0000-0000-0000-000000000007','aaaaaaaa-0000-0000-0000-000000000001','Texnologiya','TECH','#d97706',false),
  ('a0000000-0000-0000-0000-000000000008','aaaaaaaa-0000-0000-0000-000000000001','Tasviriy san''at','ART','#059669',false),
  ('a0000000-0000-0000-0000-000000000009','aaaaaaaa-0000-0000-0000-000000000001','Dunyoqarash','WORLD','#0891b2',true),
  ('a0000000-0000-0000-0000-000000000010','aaaaaaaa-0000-0000-0000-000000000001','Milliy istiqlol','MII','#65a30d',true),
  ('a0000000-0000-0000-0000-000000000011','aaaaaaaa-0000-0000-0000-000000000001','Iqtisodiyot asoslari','IQTIS','#f97316',false)
ON CONFLICT DO NOTHING;

-- ── Teachers (b0 prefix — valid hex) ────────────────────────────────────────
INSERT INTO teachers (id, school_id, full_name, short_name, phone, email, employment_type, min_weekly_load, max_weekly_load, is_active) VALUES
  ('b0000000-0000-0000-0000-000000000001','aaaaaaaa-0000-0000-0000-000000000001','Qodirov Mansur Xudoyberdiyevich','M. Qodirov','+998901230001','qodirov@maktab.uz','FULL_TIME',0,24,true),
  ('b0000000-0000-0000-0000-000000000002','aaaaaaaa-0000-0000-0000-000000000001','Ibragimova Sabohat Rahimjonovna','S. Ibragimova','+998901230002','ibragimova@maktab.uz','FULL_TIME',0,24,true),
  ('b0000000-0000-0000-0000-000000000003','aaaaaaaa-0000-0000-0000-000000000001','Ergashev Dilshod Hamzayevich','D. Ergashev','+998901230003','ergashev@maktab.uz','FULL_TIME',0,24,true),
  ('b0000000-0000-0000-0000-000000000004','aaaaaaaa-0000-0000-0000-000000000001','Nazarova Hulkar Muxtorovona','H. Nazarova','+998901230004','nazarova@maktab.uz','FULL_TIME',0,24,true),
  ('b0000000-0000-0000-0000-000000000005','aaaaaaaa-0000-0000-0000-000000000001','Tursunov Bahodir Salimovich','B. Tursunov','+998901230005','tursunov@maktab.uz','FULL_TIME',0,24,true),
  ('b0000000-0000-0000-0000-000000000006','aaaaaaaa-0000-0000-0000-000000000001','Xoliqova Feruza Abdullayevna','F. Xoliqova','+998901230006','xoliqova@maktab.uz','FULL_TIME',0,24,true),
  ('b0000000-0000-0000-0000-000000000007','aaaaaaaa-0000-0000-0000-000000000001','Askarov Ulugbek Normatovich','U. Askarov','+998901230007','askarov@maktab.uz','FULL_TIME',0,24,true),
  ('b0000000-0000-0000-0000-000000000008','aaaaaaaa-0000-0000-0000-000000000001','Mirzayeva Nargiza Pulatovna','N. Mirzayeva','+998901230008','mirzayeva@maktab.uz','FULL_TIME',0,24,true),
  ('b0000000-0000-0000-0000-000000000009','aaaaaaaa-0000-0000-0000-000000000001','Razzaqov Javlon Bekmurodovich','J. Razzaqov','+998901230009','razzaqov@maktab.uz','FULL_TIME',0,24,true),
  ('b0000000-0000-0000-0000-000000000010','aaaaaaaa-0000-0000-0000-000000000001','Sotvoldiyeva Maftuna Xurshidovna','M. Sotvoldiyeva','+998901230010','sotvoldiyeva@maktab.uz','FULL_TIME',0,24,true),
  ('b0000000-0000-0000-0000-000000000011','aaaaaaaa-0000-0000-0000-000000000001','Holmatov Ibrohim Yusupovich','I. Holmatov','+998901230011','holmatov@maktab.uz','FULL_TIME',0,24,true),
  ('b0000000-0000-0000-0000-000000000012','aaaaaaaa-0000-0000-0000-000000000001','Abdullayeva Muazzam Toxirovna','M. Abdullayeva','+998901230012','abdullayeva@maktab.uz','FULL_TIME',0,20,true),
  ('b0000000-0000-0000-0000-000000000013','aaaaaaaa-0000-0000-0000-000000000001','Usmonov Shuhrat Qodiraliyevich','Sh. Usmonov','+998901230013','usmonov@maktab.uz','FULL_TIME',0,24,true),
  ('b0000000-0000-0000-0000-000000000014','aaaaaaaa-0000-0000-0000-000000000001','Yoldosheva Dilrabo Baxtiyorovna','D. Yoldosheva','+998901230014','yoldosheva@maktab.uz','FULL_TIME',0,24,true),
  ('b0000000-0000-0000-0000-000000000015','aaaaaaaa-0000-0000-0000-000000000001','Bekmurodov Sanjar Mamatisaqovich','S. Bekmurodov','+998901230015','bekmurodov@maktab.uz','FULL_TIME',0,24,true),
  ('b0000000-0000-0000-0000-000000000016','aaaaaaaa-0000-0000-0000-000000000001','Norqoziyeva Sitora Axmedovna','S. Norqoziyeva','+998901230016','norqoziyeva@maktab.uz','FULL_TIME',0,20,true),
  ('b0000000-0000-0000-0000-000000000017','aaaaaaaa-0000-0000-0000-000000000001','Maxmudov Bobur Xasanovich','B. Maxmudov','+998901230017','maxmudov@maktab.uz','PART_TIME',0,12,true),
  ('b0000000-0000-0000-0000-000000000018','aaaaaaaa-0000-0000-0000-000000000001','Qosimova Zulfiya Erkinovna','Z. Qosimova','+998901230018','qosimova@maktab.uz','PART_TIME',0,12,true)
ON CONFLICT DO NOTHING;

-- ── Teacher → Subject assignments ────────────────────────────────────────────
-- Using hardcoded subject IDs from V5 (MATH, UZB, ENG, etc.)
INSERT INTO teacher_subjects (id, teacher_id, subject_id, is_primary) VALUES
  (uuid_generate_v4(),'b0000000-0000-0000-0000-000000000001','a0000000-0000-0000-0000-000000000003',true),
  (uuid_generate_v4(),'b0000000-0000-0000-0000-000000000001','a0000000-0000-0000-0000-000000000004',false),
  (uuid_generate_v4(),'b0000000-0000-0000-0000-000000000002','a0000000-0000-0000-0000-000000000005',true),
  (uuid_generate_v4(),'b0000000-0000-0000-0000-000000000002','a0000000-0000-0000-0000-000000000006',false),
  (uuid_generate_v4(),'b0000000-0000-0000-0000-000000000003','a0000000-0000-0000-0000-000000000001',true),
  (uuid_generate_v4(),'b0000000-0000-0000-0000-000000000004','a0000000-0000-0000-0000-000000000002',true),
  (uuid_generate_v4(),'b0000000-0000-0000-0000-000000000005','a0000000-0000-0000-0000-000000000007',true),
  (uuid_generate_v4(),'b0000000-0000-0000-0000-000000000006','a0000000-0000-0000-0000-000000000008',true),
  (uuid_generate_v4(),'b0000000-0000-0000-0000-000000000007','a0000000-0000-0000-0000-000000000009',true),
  (uuid_generate_v4(),'b0000000-0000-0000-0000-000000000007','a0000000-0000-0000-0000-000000000010',false),
  (uuid_generate_v4(),'b0000000-0000-0000-0000-000000000008','a0000000-0000-0000-0000-000000000011',true),
  (uuid_generate_v4(),'b0000000-0000-0000-0000-000000000009','162c709b-443d-43a2-810c-5247eac705d0',true),
  (uuid_generate_v4(),'b0000000-0000-0000-0000-000000000010','b88e4691-4ac3-46f6-98dd-a9bbc096c8af',true),
  (uuid_generate_v4(),'b0000000-0000-0000-0000-000000000011','6be4952b-10c8-4ac6-b528-5b9dd0a1167b',true),
  (uuid_generate_v4(),'b0000000-0000-0000-0000-000000000012','7e830dda-d6de-4c58-becf-bbe052952e22',true),
  (uuid_generate_v4(),'b0000000-0000-0000-0000-000000000013','211d5664-4b40-4b90-93a9-e8c373360982',true),
  (uuid_generate_v4(),'b0000000-0000-0000-0000-000000000014','1f2875c1-3ece-4316-9a46-ef51de7617eb',true),
  (uuid_generate_v4(),'b0000000-0000-0000-0000-000000000015','bf98c196-da9f-4e61-aae7-fd621130bc8a',true),
  (uuid_generate_v4(),'b0000000-0000-0000-0000-000000000016','80f86f00-0484-4031-ae0a-38f484b5e955',true),
  (uuid_generate_v4(),'b0000000-0000-0000-0000-000000000017','9eba5a9c-20b7-4336-a8d5-4a3abcba1ee4',true),
  (uuid_generate_v4(),'b0000000-0000-0000-0000-000000000018','82dc9bee-d778-4c47-b1f7-61e7f81aed72',true)
ON CONFLICT DO NOTHING;

-- ── Student classes 2025-2026 — grades 1-11, sections A and B ────────────────
-- ac prefix = valid hex (a and c)
INSERT INTO student_classes (id, school_id, academic_year_id, name, grade_level, section, student_count, shift, is_active) VALUES
  ('ac000001-0000-0000-0000-000000000001','aaaaaaaa-0000-0000-0000-000000000001','cc000000-0000-0000-0000-000000000002','1A', 1,'A',28,'FIRST', true),
  ('ac000001-0000-0000-0000-000000000002','aaaaaaaa-0000-0000-0000-000000000001','cc000000-0000-0000-0000-000000000002','1B', 1,'B',27,'SECOND',true),
  ('ac000002-0000-0000-0000-000000000001','aaaaaaaa-0000-0000-0000-000000000001','cc000000-0000-0000-0000-000000000002','2A', 2,'A',30,'FIRST', true),
  ('ac000002-0000-0000-0000-000000000002','aaaaaaaa-0000-0000-0000-000000000001','cc000000-0000-0000-0000-000000000002','2B', 2,'B',29,'SECOND',true),
  ('ac000003-0000-0000-0000-000000000001','aaaaaaaa-0000-0000-0000-000000000001','cc000000-0000-0000-0000-000000000002','3A', 3,'A',31,'FIRST', true),
  ('ac000003-0000-0000-0000-000000000002','aaaaaaaa-0000-0000-0000-000000000001','cc000000-0000-0000-0000-000000000002','3B', 3,'B',30,'SECOND',true),
  ('ac000004-0000-0000-0000-000000000001','aaaaaaaa-0000-0000-0000-000000000001','cc000000-0000-0000-0000-000000000002','4A', 4,'A',32,'FIRST', true),
  ('ac000004-0000-0000-0000-000000000002','aaaaaaaa-0000-0000-0000-000000000001','cc000000-0000-0000-0000-000000000002','4B', 4,'B',30,'SECOND',true),
  ('ac000005-0000-0000-0000-000000000001','aaaaaaaa-0000-0000-0000-000000000001','cc000000-0000-0000-0000-000000000002','5A', 5,'A',28,'FIRST', true),
  ('ac000005-0000-0000-0000-000000000002','aaaaaaaa-0000-0000-0000-000000000001','cc000000-0000-0000-0000-000000000002','5B', 5,'B',29,'SECOND',true),
  ('ac000006-0000-0000-0000-000000000001','aaaaaaaa-0000-0000-0000-000000000001','cc000000-0000-0000-0000-000000000002','6A', 6,'A',30,'FIRST', true),
  ('ac000006-0000-0000-0000-000000000002','aaaaaaaa-0000-0000-0000-000000000001','cc000000-0000-0000-0000-000000000002','6B', 6,'B',28,'SECOND',true),
  ('ac000007-0000-0000-0000-000000000001','aaaaaaaa-0000-0000-0000-000000000001','cc000000-0000-0000-0000-000000000002','7A', 7,'A',31,'FIRST', true),
  ('ac000007-0000-0000-0000-000000000002','aaaaaaaa-0000-0000-0000-000000000001','cc000000-0000-0000-0000-000000000002','7B', 7,'B',30,'SECOND',true),
  ('ac000008-0000-0000-0000-000000000001','aaaaaaaa-0000-0000-0000-000000000001','cc000000-0000-0000-0000-000000000002','8A', 8,'A',32,'FIRST', true),
  ('ac000008-0000-0000-0000-000000000002','aaaaaaaa-0000-0000-0000-000000000001','cc000000-0000-0000-0000-000000000002','8B', 8,'B',30,'SECOND',true),
  ('ac000009-0000-0000-0000-000000000001','aaaaaaaa-0000-0000-0000-000000000001','cc000000-0000-0000-0000-000000000002','9A', 9,'A',33,'FIRST', true),
  ('ac000009-0000-0000-0000-000000000002','aaaaaaaa-0000-0000-0000-000000000001','cc000000-0000-0000-0000-000000000002','9B', 9,'B',31,'SECOND',true),
  ('ac00000a-0000-0000-0000-000000000001','aaaaaaaa-0000-0000-0000-000000000001','cc000000-0000-0000-0000-000000000002','10A',10,'A',30,'FIRST', true),
  ('ac00000a-0000-0000-0000-000000000002','aaaaaaaa-0000-0000-0000-000000000001','cc000000-0000-0000-0000-000000000002','10B',10,'B',28,'SECOND',true),
  ('ac00000b-0000-0000-0000-000000000001','aaaaaaaa-0000-0000-0000-000000000001','cc000000-0000-0000-0000-000000000002','11A',11,'A',27,'FIRST', true),
  ('ac00000b-0000-0000-0000-000000000002','aaaaaaaa-0000-0000-0000-000000000001','cc000000-0000-0000-0000-000000000002','11B',11,'B',25,'SECOND',true)
ON CONFLICT DO NOTHING;

-- ── class_subjects — grades 1-4 ──────────────────────────────────────────────
INSERT INTO class_subjects (class_id, subject_id, weekly_hours) VALUES
  -- 1A
  ('ac000001-0000-0000-0000-000000000001','162c709b-443d-43a2-810c-5247eac705d0',5),
  ('ac000001-0000-0000-0000-000000000001','b88e4691-4ac3-46f6-98dd-a9bbc096c8af',5),
  ('ac000001-0000-0000-0000-000000000001','6be4952b-10c8-4ac6-b528-5b9dd0a1167b',2),
  ('ac000001-0000-0000-0000-000000000001','a0000000-0000-0000-0000-000000000005',3),
  ('ac000001-0000-0000-0000-000000000001','a0000000-0000-0000-0000-000000000006',2),
  ('ac000001-0000-0000-0000-000000000001','a0000000-0000-0000-0000-000000000001',2),
  ('ac000001-0000-0000-0000-000000000001','9eba5a9c-20b7-4336-a8d5-4a3abcba1ee4',3),
  ('ac000001-0000-0000-0000-000000000001','82dc9bee-d778-4c47-b1f7-61e7f81aed72',2),
  ('ac000001-0000-0000-0000-000000000001','a0000000-0000-0000-0000-000000000008',2),
  ('ac000001-0000-0000-0000-000000000001','a0000000-0000-0000-0000-000000000007',2),
  ('ac000001-0000-0000-0000-000000000001','a0000000-0000-0000-0000-000000000009',1),
  -- 1B
  ('ac000001-0000-0000-0000-000000000002','162c709b-443d-43a2-810c-5247eac705d0',5),
  ('ac000001-0000-0000-0000-000000000002','b88e4691-4ac3-46f6-98dd-a9bbc096c8af',5),
  ('ac000001-0000-0000-0000-000000000002','6be4952b-10c8-4ac6-b528-5b9dd0a1167b',2),
  ('ac000001-0000-0000-0000-000000000002','a0000000-0000-0000-0000-000000000005',3),
  ('ac000001-0000-0000-0000-000000000002','a0000000-0000-0000-0000-000000000006',2),
  ('ac000001-0000-0000-0000-000000000002','a0000000-0000-0000-0000-000000000001',2),
  ('ac000001-0000-0000-0000-000000000002','9eba5a9c-20b7-4336-a8d5-4a3abcba1ee4',3),
  ('ac000001-0000-0000-0000-000000000002','82dc9bee-d778-4c47-b1f7-61e7f81aed72',2),
  ('ac000001-0000-0000-0000-000000000002','a0000000-0000-0000-0000-000000000008',2),
  ('ac000001-0000-0000-0000-000000000002','a0000000-0000-0000-0000-000000000007',2),
  ('ac000001-0000-0000-0000-000000000002','a0000000-0000-0000-0000-000000000009',1),
  -- 2A
  ('ac000002-0000-0000-0000-000000000001','162c709b-443d-43a2-810c-5247eac705d0',5),
  ('ac000002-0000-0000-0000-000000000001','b88e4691-4ac3-46f6-98dd-a9bbc096c8af',5),
  ('ac000002-0000-0000-0000-000000000001','6be4952b-10c8-4ac6-b528-5b9dd0a1167b',2),
  ('ac000002-0000-0000-0000-000000000001','a0000000-0000-0000-0000-000000000005',3),
  ('ac000002-0000-0000-0000-000000000001','a0000000-0000-0000-0000-000000000006',2),
  ('ac000002-0000-0000-0000-000000000001','a0000000-0000-0000-0000-000000000001',2),
  ('ac000002-0000-0000-0000-000000000001','9eba5a9c-20b7-4336-a8d5-4a3abcba1ee4',3),
  ('ac000002-0000-0000-0000-000000000001','82dc9bee-d778-4c47-b1f7-61e7f81aed72',2),
  ('ac000002-0000-0000-0000-000000000001','a0000000-0000-0000-0000-000000000008',2),
  ('ac000002-0000-0000-0000-000000000001','a0000000-0000-0000-0000-000000000007',2),
  ('ac000002-0000-0000-0000-000000000001','a0000000-0000-0000-0000-000000000009',1),
  -- 2B
  ('ac000002-0000-0000-0000-000000000002','162c709b-443d-43a2-810c-5247eac705d0',5),
  ('ac000002-0000-0000-0000-000000000002','b88e4691-4ac3-46f6-98dd-a9bbc096c8af',5),
  ('ac000002-0000-0000-0000-000000000002','6be4952b-10c8-4ac6-b528-5b9dd0a1167b',2),
  ('ac000002-0000-0000-0000-000000000002','a0000000-0000-0000-0000-000000000005',3),
  ('ac000002-0000-0000-0000-000000000002','a0000000-0000-0000-0000-000000000006',2),
  ('ac000002-0000-0000-0000-000000000002','a0000000-0000-0000-0000-000000000001',2),
  ('ac000002-0000-0000-0000-000000000002','9eba5a9c-20b7-4336-a8d5-4a3abcba1ee4',3),
  ('ac000002-0000-0000-0000-000000000002','82dc9bee-d778-4c47-b1f7-61e7f81aed72',2),
  ('ac000002-0000-0000-0000-000000000002','a0000000-0000-0000-0000-000000000008',2),
  ('ac000002-0000-0000-0000-000000000002','a0000000-0000-0000-0000-000000000007',2),
  ('ac000002-0000-0000-0000-000000000002','a0000000-0000-0000-0000-000000000009',1),
  -- 3A
  ('ac000003-0000-0000-0000-000000000001','162c709b-443d-43a2-810c-5247eac705d0',5),
  ('ac000003-0000-0000-0000-000000000001','b88e4691-4ac3-46f6-98dd-a9bbc096c8af',5),
  ('ac000003-0000-0000-0000-000000000001','6be4952b-10c8-4ac6-b528-5b9dd0a1167b',2),
  ('ac000003-0000-0000-0000-000000000001','a0000000-0000-0000-0000-000000000005',3),
  ('ac000003-0000-0000-0000-000000000001','a0000000-0000-0000-0000-000000000006',2),
  ('ac000003-0000-0000-0000-000000000001','a0000000-0000-0000-0000-000000000001',2),
  ('ac000003-0000-0000-0000-000000000001','9eba5a9c-20b7-4336-a8d5-4a3abcba1ee4',3),
  ('ac000003-0000-0000-0000-000000000001','82dc9bee-d778-4c47-b1f7-61e7f81aed72',2),
  ('ac000003-0000-0000-0000-000000000001','a0000000-0000-0000-0000-000000000008',2),
  ('ac000003-0000-0000-0000-000000000001','a0000000-0000-0000-0000-000000000007',2),
  ('ac000003-0000-0000-0000-000000000001','a0000000-0000-0000-0000-000000000009',1),
  -- 3B
  ('ac000003-0000-0000-0000-000000000002','162c709b-443d-43a2-810c-5247eac705d0',5),
  ('ac000003-0000-0000-0000-000000000002','b88e4691-4ac3-46f6-98dd-a9bbc096c8af',5),
  ('ac000003-0000-0000-0000-000000000002','6be4952b-10c8-4ac6-b528-5b9dd0a1167b',2),
  ('ac000003-0000-0000-0000-000000000002','a0000000-0000-0000-0000-000000000005',3),
  ('ac000003-0000-0000-0000-000000000002','a0000000-0000-0000-0000-000000000006',2),
  ('ac000003-0000-0000-0000-000000000002','a0000000-0000-0000-0000-000000000001',2),
  ('ac000003-0000-0000-0000-000000000002','9eba5a9c-20b7-4336-a8d5-4a3abcba1ee4',3),
  ('ac000003-0000-0000-0000-000000000002','82dc9bee-d778-4c47-b1f7-61e7f81aed72',2),
  ('ac000003-0000-0000-0000-000000000002','a0000000-0000-0000-0000-000000000008',2),
  ('ac000003-0000-0000-0000-000000000002','a0000000-0000-0000-0000-000000000007',2),
  ('ac000003-0000-0000-0000-000000000002','a0000000-0000-0000-0000-000000000009',1),
  -- 4A
  ('ac000004-0000-0000-0000-000000000001','162c709b-443d-43a2-810c-5247eac705d0',5),
  ('ac000004-0000-0000-0000-000000000001','b88e4691-4ac3-46f6-98dd-a9bbc096c8af',5),
  ('ac000004-0000-0000-0000-000000000001','6be4952b-10c8-4ac6-b528-5b9dd0a1167b',2),
  ('ac000004-0000-0000-0000-000000000001','a0000000-0000-0000-0000-000000000005',3),
  ('ac000004-0000-0000-0000-000000000001','a0000000-0000-0000-0000-000000000006',2),
  ('ac000004-0000-0000-0000-000000000001','a0000000-0000-0000-0000-000000000001',2),
  ('ac000004-0000-0000-0000-000000000001','9eba5a9c-20b7-4336-a8d5-4a3abcba1ee4',3),
  ('ac000004-0000-0000-0000-000000000001','82dc9bee-d778-4c47-b1f7-61e7f81aed72',2),
  ('ac000004-0000-0000-0000-000000000001','a0000000-0000-0000-0000-000000000008',2),
  ('ac000004-0000-0000-0000-000000000001','a0000000-0000-0000-0000-000000000007',2),
  ('ac000004-0000-0000-0000-000000000001','a0000000-0000-0000-0000-000000000009',1),
  -- 4B
  ('ac000004-0000-0000-0000-000000000002','162c709b-443d-43a2-810c-5247eac705d0',5),
  ('ac000004-0000-0000-0000-000000000002','b88e4691-4ac3-46f6-98dd-a9bbc096c8af',5),
  ('ac000004-0000-0000-0000-000000000002','6be4952b-10c8-4ac6-b528-5b9dd0a1167b',2),
  ('ac000004-0000-0000-0000-000000000002','a0000000-0000-0000-0000-000000000005',3),
  ('ac000004-0000-0000-0000-000000000002','a0000000-0000-0000-0000-000000000006',2),
  ('ac000004-0000-0000-0000-000000000002','a0000000-0000-0000-0000-000000000001',2),
  ('ac000004-0000-0000-0000-000000000002','9eba5a9c-20b7-4336-a8d5-4a3abcba1ee4',3),
  ('ac000004-0000-0000-0000-000000000002','82dc9bee-d778-4c47-b1f7-61e7f81aed72',2),
  ('ac000004-0000-0000-0000-000000000002','a0000000-0000-0000-0000-000000000008',2),
  ('ac000004-0000-0000-0000-000000000002','a0000000-0000-0000-0000-000000000007',2),
  ('ac000004-0000-0000-0000-000000000002','a0000000-0000-0000-0000-000000000009',1)
ON CONFLICT DO NOTHING;

-- ── class_subjects — grades 5-9 ───────────────────────────────────────────────
INSERT INTO class_subjects (class_id, subject_id, weekly_hours) VALUES
  -- 5A
  ('ac000005-0000-0000-0000-000000000001','a0000000-0000-0000-0000-000000000003',4),
  ('ac000005-0000-0000-0000-000000000001','a0000000-0000-0000-0000-000000000004',2),
  ('ac000005-0000-0000-0000-000000000001','b88e4691-4ac3-46f6-98dd-a9bbc096c8af',3),
  ('ac000005-0000-0000-0000-000000000001','6be4952b-10c8-4ac6-b528-5b9dd0a1167b',3),
  ('ac000005-0000-0000-0000-000000000001','a0000000-0000-0000-0000-000000000001',2),
  ('ac000005-0000-0000-0000-000000000001','7e830dda-d6de-4c58-becf-bbe052952e22',3),
  ('ac000005-0000-0000-0000-000000000001','211d5664-4b40-4b90-93a9-e8c373360982',3),
  ('ac000005-0000-0000-0000-000000000001','1f2875c1-3ece-4316-9a46-ef51de7617eb',3),
  ('ac000005-0000-0000-0000-000000000001','bf98c196-da9f-4e61-aae7-fd621130bc8a',2),
  ('ac000005-0000-0000-0000-000000000001','a0000000-0000-0000-0000-000000000002',2),
  ('ac000005-0000-0000-0000-000000000001','80f86f00-0484-4031-ae0a-38f484b5e955',2),
  ('ac000005-0000-0000-0000-000000000001','9eba5a9c-20b7-4336-a8d5-4a3abcba1ee4',2),
  ('ac000005-0000-0000-0000-000000000001','82dc9bee-d778-4c47-b1f7-61e7f81aed72',1),
  ('ac000005-0000-0000-0000-000000000001','a0000000-0000-0000-0000-000000000008',1),
  ('ac000005-0000-0000-0000-000000000001','a0000000-0000-0000-0000-000000000007',1),
  ('ac000005-0000-0000-0000-000000000001','a0000000-0000-0000-0000-000000000010',1),
  -- 5B
  ('ac000005-0000-0000-0000-000000000002','a0000000-0000-0000-0000-000000000003',4),
  ('ac000005-0000-0000-0000-000000000002','a0000000-0000-0000-0000-000000000004',2),
  ('ac000005-0000-0000-0000-000000000002','b88e4691-4ac3-46f6-98dd-a9bbc096c8af',3),
  ('ac000005-0000-0000-0000-000000000002','6be4952b-10c8-4ac6-b528-5b9dd0a1167b',3),
  ('ac000005-0000-0000-0000-000000000002','a0000000-0000-0000-0000-000000000001',2),
  ('ac000005-0000-0000-0000-000000000002','7e830dda-d6de-4c58-becf-bbe052952e22',3),
  ('ac000005-0000-0000-0000-000000000002','211d5664-4b40-4b90-93a9-e8c373360982',3),
  ('ac000005-0000-0000-0000-000000000002','1f2875c1-3ece-4316-9a46-ef51de7617eb',3),
  ('ac000005-0000-0000-0000-000000000002','bf98c196-da9f-4e61-aae7-fd621130bc8a',2),
  ('ac000005-0000-0000-0000-000000000002','a0000000-0000-0000-0000-000000000002',2),
  ('ac000005-0000-0000-0000-000000000002','80f86f00-0484-4031-ae0a-38f484b5e955',2),
  ('ac000005-0000-0000-0000-000000000002','9eba5a9c-20b7-4336-a8d5-4a3abcba1ee4',2),
  ('ac000005-0000-0000-0000-000000000002','82dc9bee-d778-4c47-b1f7-61e7f81aed72',1),
  ('ac000005-0000-0000-0000-000000000002','a0000000-0000-0000-0000-000000000008',1),
  ('ac000005-0000-0000-0000-000000000002','a0000000-0000-0000-0000-000000000007',1),
  ('ac000005-0000-0000-0000-000000000002','a0000000-0000-0000-0000-000000000010',1),
  -- 9A
  ('ac000009-0000-0000-0000-000000000001','a0000000-0000-0000-0000-000000000003',4),
  ('ac000009-0000-0000-0000-000000000001','a0000000-0000-0000-0000-000000000004',2),
  ('ac000009-0000-0000-0000-000000000001','b88e4691-4ac3-46f6-98dd-a9bbc096c8af',3),
  ('ac000009-0000-0000-0000-000000000001','6be4952b-10c8-4ac6-b528-5b9dd0a1167b',3),
  ('ac000009-0000-0000-0000-000000000001','a0000000-0000-0000-0000-000000000001',2),
  ('ac000009-0000-0000-0000-000000000001','7e830dda-d6de-4c58-becf-bbe052952e22',3),
  ('ac000009-0000-0000-0000-000000000001','211d5664-4b40-4b90-93a9-e8c373360982',3),
  ('ac000009-0000-0000-0000-000000000001','1f2875c1-3ece-4316-9a46-ef51de7617eb',3),
  ('ac000009-0000-0000-0000-000000000001','bf98c196-da9f-4e61-aae7-fd621130bc8a',2),
  ('ac000009-0000-0000-0000-000000000001','a0000000-0000-0000-0000-000000000002',2),
  ('ac000009-0000-0000-0000-000000000001','80f86f00-0484-4031-ae0a-38f484b5e955',2),
  ('ac000009-0000-0000-0000-000000000001','9eba5a9c-20b7-4336-a8d5-4a3abcba1ee4',2),
  ('ac000009-0000-0000-0000-000000000001','a0000000-0000-0000-0000-000000000010',1)
ON CONFLICT DO NOTHING;

-- ── class_subjects — grades 10-11 ────────────────────────────────────────────
INSERT INTO class_subjects (class_id, subject_id, weekly_hours) VALUES
  -- 11A
  ('ac00000b-0000-0000-0000-000000000001','a0000000-0000-0000-0000-000000000003',4),
  ('ac00000b-0000-0000-0000-000000000001','a0000000-0000-0000-0000-000000000004',2),
  ('ac00000b-0000-0000-0000-000000000001','7e830dda-d6de-4c58-becf-bbe052952e22',3),
  ('ac00000b-0000-0000-0000-000000000001','211d5664-4b40-4b90-93a9-e8c373360982',3),
  ('ac00000b-0000-0000-0000-000000000001','1f2875c1-3ece-4316-9a46-ef51de7617eb',3),
  ('ac00000b-0000-0000-0000-000000000001','80f86f00-0484-4031-ae0a-38f484b5e955',3),
  ('ac00000b-0000-0000-0000-000000000001','6be4952b-10c8-4ac6-b528-5b9dd0a1167b',3),
  ('ac00000b-0000-0000-0000-000000000001','b88e4691-4ac3-46f6-98dd-a9bbc096c8af',2),
  ('ac00000b-0000-0000-0000-000000000001','bf98c196-da9f-4e61-aae7-fd621130bc8a',2),
  ('ac00000b-0000-0000-0000-000000000001','a0000000-0000-0000-0000-000000000002',2),
  ('ac00000b-0000-0000-0000-000000000001','a0000000-0000-0000-0000-000000000011',2),
  ('ac00000b-0000-0000-0000-000000000001','9eba5a9c-20b7-4336-a8d5-4a3abcba1ee4',2),
  ('ac00000b-0000-0000-0000-000000000001','a0000000-0000-0000-0000-000000000010',1),
  -- 11B
  ('ac00000b-0000-0000-0000-000000000002','a0000000-0000-0000-0000-000000000003',4),
  ('ac00000b-0000-0000-0000-000000000002','a0000000-0000-0000-0000-000000000004',2),
  ('ac00000b-0000-0000-0000-000000000002','7e830dda-d6de-4c58-becf-bbe052952e22',3),
  ('ac00000b-0000-0000-0000-000000000002','211d5664-4b40-4b90-93a9-e8c373360982',3),
  ('ac00000b-0000-0000-0000-000000000002','1f2875c1-3ece-4316-9a46-ef51de7617eb',3),
  ('ac00000b-0000-0000-0000-000000000002','80f86f00-0484-4031-ae0a-38f484b5e955',3),
  ('ac00000b-0000-0000-0000-000000000002','6be4952b-10c8-4ac6-b528-5b9dd0a1167b',3),
  ('ac00000b-0000-0000-0000-000000000002','b88e4691-4ac3-46f6-98dd-a9bbc096c8af',2),
  ('ac00000b-0000-0000-0000-000000000002','bf98c196-da9f-4e61-aae7-fd621130bc8a',2),
  ('ac00000b-0000-0000-0000-000000000002','a0000000-0000-0000-0000-000000000002',2),
  ('ac00000b-0000-0000-0000-000000000002','a0000000-0000-0000-0000-000000000011',2),
  ('ac00000b-0000-0000-0000-000000000002','9eba5a9c-20b7-4336-a8d5-4a3abcba1ee4',2),
  ('ac00000b-0000-0000-0000-000000000002','a0000000-0000-0000-0000-000000000010',1)
ON CONFLICT DO NOTHING;

-- ── Timetable (c0 prefix — valid hex) ────────────────────────────────────────
INSERT INTO timetables (id, school_id, semester_id, name, status, published_at, created_by)
VALUES (
  'c0000000-0000-0000-0000-000000000002',
  'aaaaaaaa-0000-0000-0000-000000000001',
  'dd000000-0000-0000-0000-000000000003',
  '2025-2026 yil 1-semestr dars jadvali',
  'PUBLISHED',
  NOW(),
  NULL
) ON CONFLICT DO NOTHING;

-- ── Timetable entries for 5A — Mon-Fri, 5 periods/day ────────────────────────
-- lesson_period IDs from live DB (FIRST shift only)
INSERT INTO timetable_entries (id, timetable_id, school_id, student_class_id, subject_id, teacher_id, classroom_id, day_of_week, period_number, lesson_period_id, is_pinned) VALUES
-- Monday
  (uuid_generate_v4(),'c0000000-0000-0000-0000-000000000002','aaaaaaaa-0000-0000-0000-000000000001',
   'ac000005-0000-0000-0000-000000000001','a0000000-0000-0000-0000-000000000003','b0000000-0000-0000-0000-000000000001',
   'c1000000-0000-0000-0000-000000000005','Monday',1,'d8413a3d-f612-4d2b-8937-a85cfe0e0885',false),
  (uuid_generate_v4(),'c0000000-0000-0000-0000-000000000002','aaaaaaaa-0000-0000-0000-000000000001',
   'ac000005-0000-0000-0000-000000000001','b88e4691-4ac3-46f6-98dd-a9bbc096c8af','b0000000-0000-0000-0000-000000000010',
   'c1000000-0000-0000-0000-000000000005','Monday',2,'54b8246b-ef43-49f8-83a2-e4b19dbc5948',false),
  (uuid_generate_v4(),'c0000000-0000-0000-0000-000000000002','aaaaaaaa-0000-0000-0000-000000000001',
   'ac000005-0000-0000-0000-000000000001','6be4952b-10c8-4ac6-b528-5b9dd0a1167b','b0000000-0000-0000-0000-000000000011',
   'c1000000-0000-0000-0000-000000000006','Monday',3,'6de94e34-57c2-4de6-82e2-4f448ebfb751',false),
  (uuid_generate_v4(),'c0000000-0000-0000-0000-000000000002','aaaaaaaa-0000-0000-0000-000000000001',
   'ac000005-0000-0000-0000-000000000001','1f2875c1-3ece-4316-9a46-ef51de7617eb','b0000000-0000-0000-0000-000000000014',
   'c1000000-0000-0000-0000-000000000010','Monday',4,'42181c8e-8bb7-4c4e-ab8f-de369277df2c',false),
  (uuid_generate_v4(),'c0000000-0000-0000-0000-000000000002','aaaaaaaa-0000-0000-0000-000000000001',
   'ac000005-0000-0000-0000-000000000001','9eba5a9c-20b7-4336-a8d5-4a3abcba1ee4','b0000000-0000-0000-0000-000000000017',
   'c1000000-0000-0000-0000-000000000012','Monday',5,'a1eabe3d-572b-4c41-9a43-b5857bb0ab1e',false),
-- Tuesday
  (uuid_generate_v4(),'c0000000-0000-0000-0000-000000000002','aaaaaaaa-0000-0000-0000-000000000001',
   'ac000005-0000-0000-0000-000000000001','a0000000-0000-0000-0000-000000000004','b0000000-0000-0000-0000-000000000001',
   'c1000000-0000-0000-0000-000000000005','Tuesday',1,'d8413a3d-f612-4d2b-8937-a85cfe0e0885',false),
  (uuid_generate_v4(),'c0000000-0000-0000-0000-000000000002','aaaaaaaa-0000-0000-0000-000000000001',
   'ac000005-0000-0000-0000-000000000001','7e830dda-d6de-4c58-becf-bbe052952e22','b0000000-0000-0000-0000-000000000012',
   'c1000000-0000-0000-0000-000000000011','Tuesday',2,'54b8246b-ef43-49f8-83a2-e4b19dbc5948',false),
  (uuid_generate_v4(),'c0000000-0000-0000-0000-000000000002','aaaaaaaa-0000-0000-0000-000000000001',
   'ac000005-0000-0000-0000-000000000001','bf98c196-da9f-4e61-aae7-fd621130bc8a','b0000000-0000-0000-0000-000000000015',
   'c1000000-0000-0000-0000-000000000006','Tuesday',3,'6de94e34-57c2-4de6-82e2-4f448ebfb751',false),
  (uuid_generate_v4(),'c0000000-0000-0000-0000-000000000002','aaaaaaaa-0000-0000-0000-000000000001',
   'ac000005-0000-0000-0000-000000000001','a0000000-0000-0000-0000-000000000003','b0000000-0000-0000-0000-000000000001',
   'c1000000-0000-0000-0000-000000000005','Tuesday',4,'42181c8e-8bb7-4c4e-ab8f-de369277df2c',false),
  (uuid_generate_v4(),'c0000000-0000-0000-0000-000000000002','aaaaaaaa-0000-0000-0000-000000000001',
   'ac000005-0000-0000-0000-000000000001','80f86f00-0484-4031-ae0a-38f484b5e955','b0000000-0000-0000-0000-000000000016',
   'c1000000-0000-0000-0000-000000000008','Tuesday',5,'a1eabe3d-572b-4c41-9a43-b5857bb0ab1e',false),
-- Wednesday
  (uuid_generate_v4(),'c0000000-0000-0000-0000-000000000002','aaaaaaaa-0000-0000-0000-000000000001',
   'ac000005-0000-0000-0000-000000000001','a0000000-0000-0000-0000-000000000003','b0000000-0000-0000-0000-000000000001',
   'c1000000-0000-0000-0000-000000000005','Wednesday',1,'d8413a3d-f612-4d2b-8937-a85cfe0e0885',false),
  (uuid_generate_v4(),'c0000000-0000-0000-0000-000000000002','aaaaaaaa-0000-0000-0000-000000000001',
   'ac000005-0000-0000-0000-000000000001','6be4952b-10c8-4ac6-b528-5b9dd0a1167b','b0000000-0000-0000-0000-000000000011',
   'c1000000-0000-0000-0000-000000000006','Wednesday',2,'54b8246b-ef43-49f8-83a2-e4b19dbc5948',false),
  (uuid_generate_v4(),'c0000000-0000-0000-0000-000000000002','aaaaaaaa-0000-0000-0000-000000000001',
   'ac000005-0000-0000-0000-000000000001','211d5664-4b40-4b90-93a9-e8c373360982','b0000000-0000-0000-0000-000000000013',
   'c1000000-0000-0000-0000-000000000010','Wednesday',3,'6de94e34-57c2-4de6-82e2-4f448ebfb751',false),
  (uuid_generate_v4(),'c0000000-0000-0000-0000-000000000002','aaaaaaaa-0000-0000-0000-000000000001',
   'ac000005-0000-0000-0000-000000000001','a0000000-0000-0000-0000-000000000001','b0000000-0000-0000-0000-000000000003',
   'c1000000-0000-0000-0000-000000000007','Wednesday',4,'42181c8e-8bb7-4c4e-ab8f-de369277df2c',false),
  (uuid_generate_v4(),'c0000000-0000-0000-0000-000000000002','aaaaaaaa-0000-0000-0000-000000000001',
   'ac000005-0000-0000-0000-000000000001','82dc9bee-d778-4c47-b1f7-61e7f81aed72','b0000000-0000-0000-0000-000000000018',
   'c1000000-0000-0000-0000-000000000014','Wednesday',5,'a1eabe3d-572b-4c41-9a43-b5857bb0ab1e',false),
-- Thursday
  (uuid_generate_v4(),'c0000000-0000-0000-0000-000000000002','aaaaaaaa-0000-0000-0000-000000000001',
   'ac000005-0000-0000-0000-000000000001','a0000000-0000-0000-0000-000000000004','b0000000-0000-0000-0000-000000000001',
   'c1000000-0000-0000-0000-000000000005','Thursday',1,'d8413a3d-f612-4d2b-8937-a85cfe0e0885',false),
  (uuid_generate_v4(),'c0000000-0000-0000-0000-000000000002','aaaaaaaa-0000-0000-0000-000000000001',
   'ac000005-0000-0000-0000-000000000001','b88e4691-4ac3-46f6-98dd-a9bbc096c8af','b0000000-0000-0000-0000-000000000010',
   'c1000000-0000-0000-0000-000000000005','Thursday',2,'54b8246b-ef43-49f8-83a2-e4b19dbc5948',false),
  (uuid_generate_v4(),'c0000000-0000-0000-0000-000000000002','aaaaaaaa-0000-0000-0000-000000000001',
   'ac000005-0000-0000-0000-000000000001','a0000000-0000-0000-0000-000000000002','b0000000-0000-0000-0000-000000000004',
   'c1000000-0000-0000-0000-000000000006','Thursday',3,'6de94e34-57c2-4de6-82e2-4f448ebfb751',false),
  (uuid_generate_v4(),'c0000000-0000-0000-0000-000000000002','aaaaaaaa-0000-0000-0000-000000000001',
   'ac000005-0000-0000-0000-000000000001','a0000000-0000-0000-0000-000000000008','b0000000-0000-0000-0000-000000000006',
   'c1000000-0000-0000-0000-000000000013','Thursday',4,'42181c8e-8bb7-4c4e-ab8f-de369277df2c',false),
  (uuid_generate_v4(),'c0000000-0000-0000-0000-000000000002','aaaaaaaa-0000-0000-0000-000000000001',
   'ac000005-0000-0000-0000-000000000001','1f2875c1-3ece-4316-9a46-ef51de7617eb','b0000000-0000-0000-0000-000000000014',
   'c1000000-0000-0000-0000-000000000010','Thursday',5,'a1eabe3d-572b-4c41-9a43-b5857bb0ab1e',false),
-- Friday
  (uuid_generate_v4(),'c0000000-0000-0000-0000-000000000002','aaaaaaaa-0000-0000-0000-000000000001',
   'ac000005-0000-0000-0000-000000000001','a0000000-0000-0000-0000-000000000003','b0000000-0000-0000-0000-000000000001',
   'c1000000-0000-0000-0000-000000000005','Friday',1,'d8413a3d-f612-4d2b-8937-a85cfe0e0885',false),
  (uuid_generate_v4(),'c0000000-0000-0000-0000-000000000002','aaaaaaaa-0000-0000-0000-000000000001',
   'ac000005-0000-0000-0000-000000000001','7e830dda-d6de-4c58-becf-bbe052952e22','b0000000-0000-0000-0000-000000000012',
   'c1000000-0000-0000-0000-000000000011','Friday',2,'54b8246b-ef43-49f8-83a2-e4b19dbc5948',false),
  (uuid_generate_v4(),'c0000000-0000-0000-0000-000000000002','aaaaaaaa-0000-0000-0000-000000000001',
   'ac000005-0000-0000-0000-000000000001','a0000000-0000-0000-0000-000000000006','b0000000-0000-0000-0000-000000000002',
   'c1000000-0000-0000-0000-000000000005','Friday',3,'6de94e34-57c2-4de6-82e2-4f448ebfb751',false),
  (uuid_generate_v4(),'c0000000-0000-0000-0000-000000000002','aaaaaaaa-0000-0000-0000-000000000001',
   'ac000005-0000-0000-0000-000000000001','a0000000-0000-0000-0000-000000000007','b0000000-0000-0000-0000-000000000005',
   'c1000000-0000-0000-0000-000000000007','Friday',4,'42181c8e-8bb7-4c4e-ab8f-de369277df2c',false),
  (uuid_generate_v4(),'c0000000-0000-0000-0000-000000000002','aaaaaaaa-0000-0000-0000-000000000001',
   'ac000005-0000-0000-0000-000000000001','a0000000-0000-0000-0000-000000000010','b0000000-0000-0000-0000-000000000007',
   'c1000000-0000-0000-0000-000000000006','Friday',5,'a1eabe3d-572b-4c41-9a43-b5857bb0ab1e',false)
ON CONFLICT DO NOTHING;

-- ── Quality score ─────────────────────────────────────────────────────────────
INSERT INTO timetable_quality_scores (timetable_id, overall_score, hard_score, soft_score, hard_constraint_violations, soft_constraint_penalties)
VALUES ('c0000000-0000-0000-0000-000000000002', 92.50, 0, 0, 0, 0)
ON CONFLICT DO NOTHING;
